index,周次,星期,角色,模块,模块形成任务,主日统领主题,本日主题,经文出处,每日门训正文,和合本经文全文,门训步骤,思考入口,思考引导,生活导向,经文关键词（候选）,选择区目标,今日操练,七日总结/宣告,内容状态,备注
0,1,主日,主日信息入口,模块1｜认识基督,建立对基督、福音与身份的基本认识,被差来的主,被差来的主,路4：14-21,今天先慢下来。读 路加福音 4:14-21，让“被差来的主”成为这一周共同的入口。不要急着把主日信息变成更多知识，先问：抓住“差遣”进入本周。把这个问题放进你真实的生活，找出一个本周愿意跟随主的场景。主日的领受要进入一周的生活，才会成为门徒的道路。,,进入,从主日信息进入本周,抓住“差遣”进入本周,认识这位被差来的主，也把祂的使命带进这一周。,差遣｜贫穷｜释放,选定本周一个要活出来的方向,完成一个本周个人回应,根据Day 1–6选择生成“一句方向＋一句鼓励”,已校准｜需最终经文逐字核验,保留原表经文；本轮完成语言与门训结构校准
1,1,周一,拓宽眼界,模块1｜认识基督,建立对基督、福音与身份的基本认识,被差来的主,周一默想,约1：1-14,读 约翰福音 1:1-14 时，先把注意力放在经文的人、行动和张力上。今天特别思想：从“道成肉身”看见主怎样进入人的处境。然后问自己，这件事在我的生活里有没有类似的位置？不要急着改变，先诚实记录一次。能够看见，是让神的话从纸面进入生命的第一步。,,看见,先看见经文中的人和行动,从“道成肉身”看见主怎样进入人的处境,今天先留意一个人，不急着评价他,道｜肉身｜住在我们中间,沿用现有选择区逻辑,我决定今天以______的眼光看人,,已校准｜需最终经文逐字核验,保留原表经文；本轮完成语言与门训结构校准
2,1,周二,深入省察,模块1｜认识基督,建立对基督、福音与身份的基本认识,被差来的主,周二省察,可1：35-39,门徒训练不仅改变行为，也改变里面的动机。读 马可福音 1:35-39，认真面对“从耶稣退到旷野祷告，看见自己怎样安排安静与忙碌”。当你察觉到防卫、焦虑、比较或自我保护时，不要赶快掩盖。把那个最真实的反应写下来，求主带你从看见走向悔改与信靠。,,省察,先看见自己的真实反应,从耶稣退到旷野祷告，看见自己怎样安排安静与忙碌,把今天最容易占满你的事放到主面前,清早｜旷野｜祷告,沿用现有选择区逻辑,我决定今天先______再______,,已校准｜需最终经文逐字核验,保留原表经文；本轮完成语言与门训结构校准
3,1,周三,生活应用,模块1｜认识基督,建立对基督、福音与身份的基本认识,被差来的主,周三应用,太9：35-38,今天把经文缩小成一个选择。读 马太福音 9:35-38，问自己：从耶稣看见困苦流离的人，留意身边真实的需要。不要设计一个很大的计划，只找一个今天能完成的小行动。门徒的成长常常发生在普通时间、普通决定和普通责任里。选定时间点去做，完成后再回看它带来了什么改变。,,看见,先找一个今天能做的地方,从耶稣看见困苦流离的人，留意身边真实的需要,不要只看见事情，也看见人,怜悯｜困苦流离｜收割,沿用现有选择区逻辑,我决定今天为______祷告并留意他的需要,,已校准｜需最终经文逐字核验,保留原表经文；本轮完成语言与门训结构校准
4,1,周四,关系实践,模块1｜认识基督,建立对基督、福音与身份的基本认识,被差来的主,周四关系,约4：7-15,门徒生命一定会影响人与人的相处。读 约翰福音 4:7-15，问自己：从耶稣与撒玛利亚妇人的相遇，看见主动靠近。选一个具体的人，少一点自我证明，多一点靠近与承担。你今天不需要解决这段关系的全部问题，只需要完成一个真实而善意的动作，并留意自己的心发生了什么。,,靠近,先放进一个真实关系,从耶稣与撒玛利亚妇人的相遇，看见主动靠近,先听见一个人的真实需要，再回应,活水｜敬拜｜真理,沿用现有选择区逻辑,我决定主动______,,已校准｜需最终经文逐字核验,保留原表经文；本轮完成语言与门训结构校准
5,1,周五,行动承诺,模块1｜认识基督,建立对基督、福音与身份的基本认识,被差来的主,周五行动,路10：1-3,回应就是把领受交在行动里。读 路加福音 10:1-3，思想“从“差遣”进入今天的见证位置”对今天意味着什么。选择一个具体行动，并为它安排明确的时间。做完不要急着评估自己，而是回头看：我是否更愿意跟随？神又让我看见了什么？,,回应,先确定今天要走的一步,从“差遣”进入今天的见证位置,不等一个特别机会，先在身边忠心做一步,差遣｜庄稼｜工人,沿用现有选择区逻辑,我决定今天在______作主的见证,,已校准｜需最终经文逐字核验,保留原表经文；本轮完成语言与门训结构校准
6,1,周六,轻回顾,模块1｜认识基督,建立对基督、福音与身份的基本认识,被差来的主,回顾本周：被差来的主,诗23：1-6,今天是回顾的一天。读 诗篇 23:1-6，回头看这一周，特别整理：确认一个变化，也确定下一步。不要只问“我做得好不好”，而要问三件事：神让我看见什么？我实际做了什么？下一步要继续什么？把一个真实学习写下来，再把下一步写成下周可以执行的动作。,,回顾,回头看这一周,确认一个变化，也确定下一步,把这一周的发现带回生活,回顾｜本周变化｜下一步,根据本周选择生成总结,选定下一步,根据Day 1–6选择生成“一句方向＋一句鼓励”,已校准｜总结规则待程序实现,保留原表经文；本轮完成语言与门训结构校准
7,2,主日,主日信息入口,模块1｜认识基督,建立对基督、福音与身份的基本认识,恩典没有围墙,恩典没有围墙,路4：22-30,今天是新一周的起点。读 路加福音 4:22-30，先观察经文如何把我们带到“恩典没有围墙”。抓住“恩言”进入本周。不要要求自己一次改变很多，只需要认出一个最真实的回应方向，并为接下来的六天留下一个可以反复操练的生活位置。,,进入,从主日信息进入本周,抓住“恩言”进入本周,认识神的恩典没有边界，也学习把恩典带给人。,恩言｜先知｜外邦,选定本周一个要活出来的方向,完成一个本周个人回应,根据Day 1–6选择生成“一句方向＋一句鼓励”,已校准｜需最终经文逐字核验,保留原表经文；本轮完成语言与门训结构校准
8,2,周一,拓宽眼界,模块1｜认识基督,建立对基督、福音与身份的基本认识,恩典没有围墙,周一默想,赛61：1-3,今天不急着得到“正确答案”，而是练习观察。读 以赛亚书 61:1-3，留意“从受膏、差遣与恩典看见神主动施恩”怎样显现在经文里，也怎样可能出现在你今天的生活中。选择一个固定场景停一分钟，看见自己真实的反应，并把它带到主面前。,,看见,先看见经文中的人和行动,从受膏、差遣与恩典看见神主动施恩,留意自己习惯把恩典留给谁,受膏｜差遣｜禧年,沿用现有选择区逻辑,我决定今天以______的眼光看人,,已校准｜需最终经文逐字核验,保留原表经文；本轮完成语言与门训结构校准
9,2,周二,深入省察,模块1｜认识基督,建立对基督、福音与身份的基本认识,恩典没有围墙,周二省察,拿4：1-11,今天从外在经文转向内在生命。读 约拿书 4:1-11，诚实面对：从约拿的怒气看见自己里面的边界。不要先解释自己，也不要急着定罪自己。试着辨认这个反应背后更深的欲望、惧怕、骄傲或不信。省察不是自责，而是在神面前停止遮掩，愿意让主触碰真实的自己。,,省察,先看见自己的真实反应,从约拿的怒气看见自己里面的边界,把不愿神恩待的人带到主面前,发怒｜怜悯｜后悔,沿用现有选择区逻辑,我决定今天放下对______的偏见,,已校准｜需最终经文逐字核验,保留原表经文；本轮完成语言与门训结构校准
10,2,周三,生活应用,模块1｜认识基督,建立对基督、福音与身份的基本认识,恩典没有围墙,周三应用,路10：25-37,今天让“知道”变成“去做”。读 路加福音 10:25-37，思考“从好撒玛利亚人的行动看见怜悯不是停在心里”在你的现实处境中最小的下一步是什么。把行动限定在十分钟左右，越具体越好。做完后记下一句话：我做了什么？有什么阻力？主让我看见什么？,,回应,先找一个今天能做的地方,从好撒玛利亚人的行动看见怜悯不是停在心里,先靠近，再帮助,怜悯｜邻舍｜行动,沿用现有选择区逻辑,我决定今天对______显出恩典,,已校准｜需最终经文逐字核验,保留原表经文；本轮完成语言与门训结构校准
11,2,周四,关系实践,模块1｜认识基督,建立对基督、福音与身份的基本认识,恩典没有围墙,周四关系,得1：15-18,今天观察自己怎样对待别人，也让经文重新整理这种关系。读 路得记 1:15-18，围绕“从路得的选择看见跨越身份与关系的忠诚”作一个具体决定。找一个人，主动走近一步；可以是一句话、一次倾听、一次帮助或一次代祷。真实关系中的小小顺服，就是门徒训练的一部分。,,忠心,先放进一个真实关系,从路得的选择看见跨越身份与关系的忠诚,在一个真实关系中少一点界线，多一点忠诚,跟随｜离开｜同归,沿用现有选择区逻辑,我决定主动靠近______,,已校准｜需最终经文逐字核验,保留原表经文；本轮完成语言与门训结构校准
12,2,周五,行动承诺,模块1｜认识基督,建立对基督、福音与身份的基本认识,恩典没有围墙,周五行动,太5：43-48,今天来到回应与承担。读 马太福音 5:43-48，问自己：从爱仇敌进入具体善行。把信仰从个人感受带向一个具体的人、一项责任或一个见证行动。不要追求被看见，只求忠心。完成之后写下发生了什么，让你自己的行动成为一个可以被回顾、也可以被分享的见证。,,行动,先确定今天要走的一步,从爱仇敌进入具体善行,把“不可爱的人”变成今天的一个行动对象,爱｜仇敌｜完全,沿用现有选择区逻辑,我决定今天为______做一件善事,,已校准｜需最终经文逐字核验,保留原表经文；本轮完成语言与门训结构校准
13,2,周六,轻回顾,模块1｜认识基督,建立对基督、福音与身份的基本认识,恩典没有围墙,回顾本周：恩典没有围墙,诗23：1-6,读 诗篇 23:1-6，安静回看这七天的经历：哪些地方有顺服，哪些地方仍在挣扎，哪里看见神的带领？特别思考“确认一个变化，也确定下一步”。今天把本周浓缩成“一个看见、一个行动、一个下一步”，让回顾成为继续跟随的桥梁。,,回顾,回头看这一周,确认一个变化，也确定下一步,把这一周的发现带回生活,回顾｜本周变化｜下一步,根据本周选择生成总结,选定下一步,根据Day 1–6选择生成“一句方向＋一句鼓励”,已校准｜总结规则待程序实现,保留原表经文；本轮完成语言与门训结构校准
14,3,主日,主日信息入口,模块1｜认识基督,建立对基督、福音与身份的基本认识,放下网，跟随祂,放下网，跟随祂,路5：1-11,今天把经文放在心里，也把自己放在经文面前。读 路加福音 5:1-11，围绕“放下网，跟随祂”安静片刻，思想：抓住“网”进入本周。主日不是结束，而是进入本周门训的起点。今天选定一个具体场景，提醒自己在这一周继续回来面对这个主题。,,进入,从主日信息进入本周,抓住“网”进入本周,听见耶稣的呼召，就放下拦阻，走上跟随的路。,网｜跟从｜撇下,选定本周一个要活出来的方向,完成一个本周个人回应,根据Day 1–6选择生成“一句方向＋一句鼓励”,已校准｜需最终经文逐字核验,保留原表经文；本轮完成语言与门训结构校准
15,3,周一,拓宽眼界,模块1｜认识基督,建立对基督、福音与身份的基本认识,放下网，跟随祂,周一默想,赛6：1-8,今天先学习看见。读 以赛亚书 6:1-8，不要急着批评或解决问题，留意经文让你看见什么：从以赛亚的“我在这里”看见呼召需要回应。再回到自己的生活，观察一个真实反应、选择或习惯。门徒不是先表现得正确，而是先在神的光中看清楚自己。把今天看见的一件事记下来，作为后面回应的起点。,,回应,先看见经文中的人和行动,从以赛亚的“我在这里”看见呼召需要回应,不要先计算自己够不够，先回应主,我在这里｜差遣｜洁净,沿用现有选择区逻辑,我决定今天以______的态度面对呼召,,已校准｜需最终经文逐字核验,保留原表经文；本轮完成语言与门训结构校准
16,3,周二,深入省察,模块1｜认识基督,建立对基督、福音与身份的基本认识,放下网，跟随祂,周二省察,太19：16-30,今天给自己几分钟安静。读 马太福音 19:16-30，把经文所揭开的张力带回心里：从少年人的选择看见什么正在抓住自己。问自己，我在什么地方正在重复同样的模式？不必马上找到解决方案，只需要说真话，并用一句简单的祷告把这份真实交给主。,,放下,先看见自己的真实反应,从少年人的选择看见什么正在抓住自己,辨认最难放下的一件事,永生｜跟从｜撇下,沿用现有选择区逻辑,我决定今天放下______,,已校准｜需最终经文逐字核验,保留原表经文；本轮完成语言与门训结构校准
17,3,周三,生活应用,模块1｜认识基督,建立对基督、福音与身份的基本认识,放下网，跟随祂,周三应用,可1：16-20,不要等到条件完美才回应经文。读 马可福音 1:16-20，找出一个可以立即开始的动作，回应“从门徒立即撇下网进入具体行动”。今天只走一步，但要真的走。行动之后，用一分钟回顾结果，让经验成为下一次跟随的依据。,,行动,先找一个今天能做的地方,从门徒立即撇下网进入具体行动,减少拖延，先走一步,来跟从我｜撇下｜跟从,沿用现有选择区逻辑,我决定今天在______上立刻行动,,已校准｜需最终经文逐字核验,保留原表经文；本轮完成语言与门训结构校准
18,3,周四,关系实践,模块1｜认识基督,建立对基督、福音与身份的基本认识,放下网，跟随祂,周四关系,路5：27-32,今天把跟随带进一个人的名字。读 路加福音 5:27-32，思想：从利未蒙召看见跟随也改变我们接近的人。想起一段真实关系，不停留在“我要更有爱心”的想法，而是决定一个看得见的动作：认真倾听、主动帮助、道歉、感谢、分享或代祷。让今天的经文通过你的关系被活出来。,,靠近,先放进一个真实关系,从利未蒙召看见跟随也改变我们接近的人,不要只选择容易相处的人,跟从｜罪人｜医生,沿用现有选择区逻辑,我决定今天主动走近______,,已校准｜需最终经文逐字核验,保留原表经文；本轮完成语言与门训结构校准
19,3,周五,行动承诺,模块1｜认识基督,建立对基督、福音与身份的基本认识,放下网，跟随祂,周五行动,约21：15-19,今天的重点不是再多懂一点，而是愿意承担一步。读 约翰福音 21:15-19，把“从彼得重新被托付看见爱主需要行动”落实到现实生活。可以是一次服事、一次给予、一次修复关系、一次见证或一次责任。先忠心完成今天能做的，然后在神面前感谢祂的带领。,,忠心,先确定今天要走的一步,从彼得重新被托付看见爱主需要行动,用一个具体服事回应对主的爱,爱｜喂养｜跟从,沿用现有选择区逻辑,我决定今天用______表达我的爱,,已校准｜需最终经文逐字核验,保留原表经文；本轮完成语言与门训结构校准
20,3,周六,轻回顾,模块1｜认识基督,建立对基督、福音与身份的基本认识,放下网，跟随祂,回顾本周：放下网，跟随祂,诗23：1-6,回顾不是给自己打分，而是辨认神怎样工作。今天读 诗篇 23:1-6，整理你这一周在“确认一个变化，也确定下一步”上的经历。感谢已经发生的，也承认还没有改变的。最后写下一句本周总结，并确定一个可以带进下一周的小小行动。,,回顾,回头看这一周,确认一个变化，也确定下一步,把这一周的发现带回生活,回顾｜本周变化｜下一步,根据本周选择生成总结,选定下一步,根据Day 1–6选择生成“一句方向＋一句鼓励”,已校准｜总结规则待程序实现,保留原表经文；本轮完成语言与门训结构校准
21,4,主日,主日信息入口,模块1｜认识基督,建立对基督、福音与身份的基本认识,跟随，就走近人,跟随，就走近人,路5：27-32,今天先慢下来。读 路加福音 5:27-32，让“跟随，就走近人”成为这一周共同的入口。不要急着把主日信息变成更多知识，先问：抓住“跟随”进入本周。把这个问题放进你真实的生活，找出一个本周愿意跟随主的场景。主日的领受要进入一周的生活，才会成为门徒的道路。,,进入,从主日信息进入本周,抓住“跟随”进入本周,跟随耶稣，不只是听见祂，也走近祂所看见的人。,跟随｜罪人｜医生,选定本周一个要活出来的方向,完成一个本周个人回应,根据Day 1–6选择生成“一句方向＋一句鼓励”,已校准｜需最终经文逐字核验,保留原表经文；本轮完成语言与门训结构校准
22,4,周一,拓宽眼界,模块1｜认识基督,建立对基督、福音与身份的基本认识,跟随，就走近人,周一默想,太9：9-13,读 马太福音 9:9-13 时，先把注意力放在经文的人、行动和张力上。今天特别思想：从耶稣看见马太，学习先看见人。然后问自己，这件事在我的生活里有没有类似的位置？不要急着改变，先诚实记录一次。能够看见，是让神的话从纸面进入生命的第一步。,,看见,先看见经文中的人和行动,从耶稣看见马太，学习先看见人,今天先看人，不先给人贴标签,看见｜呼召｜跟从,沿用现有选择区逻辑,我决定今天以______的眼光看人,,已校准｜需最终经文逐字核验,保留原表经文；本轮完成语言与门训结构校准
23,4,周二,深入省察,模块1｜认识基督,建立对基督、福音与身份的基本认识,跟随，就走近人,周二省察,路19：1-10,门徒训练不仅改变行为，也改变里面的动机。读 路加福音 19:1-10，认真面对“从撒该看见阻挡人靠近耶稣的东西”。当你察觉到防卫、焦虑、比较或自我保护时，不要赶快掩盖。把那个最真实的反应写下来，求主带你从看见走向悔改与信靠。,,省察,先看见自己的真实反应,从撒该看见阻挡人靠近耶稣的东西,辨认自己里面的拦阻,寻找｜悔改｜救恩,沿用现有选择区逻辑,我决定今天放下______,,已校准｜需最终经文逐字核验,保留原表经文；本轮完成语言与门训结构校准
24,4,周三,生活应用,模块1｜认识基督,建立对基督、福音与身份的基本认识,跟随，就走近人,周三应用,雅1：27,今天把经文缩小成一个选择。读 雅各书 1:27，问自己：从真实的敬虔进入照顾孤儿寡妇和保持自己清洁。不要设计一个很大的计划，只找一个今天能完成的小行动。门徒的成长常常发生在普通时间、普通决定和普通责任里。选定时间点去做，完成后再回看它带来了什么改变。,,行动,先找一个今天能做的地方,从真实的敬虔进入照顾孤儿寡妇和保持自己清洁,选一个具体需要，不停留在感动,清洁｜孤儿｜寡妇,沿用现有选择区逻辑,我决定今天在______上行动,,已校准｜需最终经文逐字核验,保留原表经文；本轮完成语言与门训结构校准
25,4,周四,关系实践,模块1｜认识基督,建立对基督、福音与身份的基本认识,跟随，就走近人,周四关系,来13：1-3,门徒生命一定会影响人与人的相处。读 希伯来书 13:1-3，问自己：从接待客旅进入真实关系。选一个具体的人，少一点自我证明，多一点靠近与承担。你今天不需要解决这段关系的全部问题，只需要完成一个真实而善意的动作，并留意自己的心发生了什么。,,关系,先放进一个真实关系,从接待客旅进入真实关系,给一个人一个被接纳的空间,爱弟兄｜接待｜客旅,沿用现有选择区逻辑,我决定今天主动走近______,,已校准｜需最终经文逐字核验,保留原表经文；本轮完成语言与门训结构校准
26,4,周五,行动承诺,模块1｜认识基督,建立对基督、福音与身份的基本认识,跟随，就走近人,周五行动,约一3：16-18,回应就是把领受交在行动里。读 约翰一书 3:16-18，思想“从“为弟兄舍命”进入实际的爱”对今天意味着什么。选择一个具体行动，并为它安排明确的时间。做完不要急着评估自己，而是回头看：我是否更愿意跟随？神又让我看见了什么？,,实践,先确定今天要走的一步,从“为弟兄舍命”进入实际的爱,爱要落在一个看得见的行动上,舍命｜爱｜行动,沿用现有选择区逻辑,我决定今天把爱落实在______,,已校准｜需最终经文逐字核验,保留原表经文；本轮完成语言与门训结构校准
27,4,周六,轻回顾,模块1｜认识基督,建立对基督、福音与身份的基本认识,跟随，就走近人,回顾本周：跟随，就走近人,诗23：1-6,今天是回顾的一天。读 诗篇 23:1-6，回头看这一周，特别整理：确认一个变化，也确定下一步。不要只问“我做得好不好”，而要问三件事：神让我看见什么？我实际做了什么？下一步要继续什么？把一个真实学习写下来，再把下一步写成下周可以执行的动作。,,回顾,回头看这一周,确认一个变化，也确定下一步,把这一周的发现带回生活,回顾｜本周变化｜下一步,根据本周选择生成总结,选定下一步,根据Day 1–6选择生成“一句方向＋一句鼓励”,已校准｜总结规则待程序实现,保留原表经文；本轮完成语言与门训结构校准
28,5,主日,主日信息入口,模块1｜认识基督,建立对基督、福音与身份的基本认识,背起十字架跟随祂,背起十字架跟随祂,路9：18-27,今天是新一周的起点。读 路加福音 9:18-27，先观察经文如何把我们带到“背起十字架跟随祂”。抓住“基督”进入本周。不要要求自己一次改变很多，只需要认出一个最真实的回应方向，并为接下来的六天留下一个可以反复操练的生活位置。,,进入,从主日信息进入本周,抓住“基督”进入本周,认识基督是谁，也认真回应跟随祂的代价。,基督｜舍己｜十字架,选定本周一个要活出来的方向,完成一个本周个人回应,根据Day 1–6选择生成“一句方向＋一句鼓励”,已校准｜需最终经文逐字核验,保留原表经文；本轮完成语言与门训结构校准
29,5,周一,拓宽眼界,模块1｜认识基督,建立对基督、福音与身份的基本认识,背起十字架跟随祂,周一默想,太16：13-20,今天不急着得到“正确答案”，而是练习观察。读 马太福音 16:13-20，留意“从彼得的认信看见跟随建立在认识基督之上”怎样显现在经文里，也怎样可能出现在你今天的生活中。选择一个固定场景停一分钟，看见自己真实的反应，并把它带到主面前。,,身份,先看见经文中的人和行动,从彼得的认信看见跟随建立在认识基督之上,先确认你所跟随的是谁,基督｜彼得｜认信,沿用现有选择区逻辑,我决定今天以______的身份回应主,,已校准｜需最终经文逐字核验,保留原表经文；本轮完成语言与门训结构校准
30,5,周二,深入省察,模块1｜认识基督,建立对基督、福音与身份的基本认识,背起十字架跟随祂,周二省察,路9：57-62,今天从外在经文转向内在生命。读 路加福音 9:57-62，诚实面对：从“不要思念人的事”看见自己的优先次序。不要先解释自己，也不要急着定罪自己。试着辨认这个反应背后更深的欲望、惧怕、骄傲或不信。省察不是自责，而是在神面前停止遮掩，愿意让主触碰真实的自己。,,省察,先看见自己的真实反应,从“不要思念人的事”看见自己的优先次序,辨认哪些想法正在影响跟随,舍己｜十字架｜跟从,沿用现有选择区逻辑,我决定今天放下______,,已校准｜需最终经文逐字核验,保留原表经文；本轮完成语言与门训结构校准
31,5,周三,生活应用,模块1｜认识基督,建立对基督、福音与身份的基本认识,背起十字架跟随祂,周三应用,可8：34-38,今天让“知道”变成“去做”。读 马可福音 8:34-38，思考“从背十字架进入一个真实的舍己选择”在你的现实处境中最小的下一步是什么。把行动限定在十分钟左右，越具体越好。做完后记下一句话：我做了什么？有什么阻力？主让我看见什么？,,舍己,先找一个今天能做的地方,从背十字架进入一个真实的舍己选择,选一个今天可以放下自己的地方,背十字架｜舍己｜福音,沿用现有选择区逻辑,我决定今天在______上舍己,,已校准｜需最终经文逐字核验,保留原表经文；本轮完成语言与门训结构校准
32,5,周四,关系实践,模块1｜认识基督,建立对基督、福音与身份的基本认识,背起十字架跟随祂,周四关系,约13：34-35,今天观察自己怎样对待别人，也让经文重新整理这种关系。读 约翰福音 13:34-35，围绕“从彼此相爱看见十字架进入关系”作一个具体决定。找一个人，主动走近一步；可以是一句话、一次倾听、一次帮助或一次代祷。真实关系中的小小顺服，就是门徒训练的一部分。,,服事,先放进一个真实关系,从彼此相爱看见十字架进入关系,把服事放在一个具体的人身上,彼此相爱｜命令｜门徒,沿用现有选择区逻辑,我决定今天主动服事______,,已校准｜需最终经文逐字核验,保留原表经文；本轮完成语言与门训结构校准
33,5,周五,行动承诺,模块1｜认识基督,建立对基督、福音与身份的基本认识,背起十字架跟随祂,周五行动,路14：25-33,今天来到回应与承担。读 路加福音 14:25-33，问自己：从作门徒的代价进入认真选择。把信仰从个人感受带向一个具体的人、一项责任或一个见证行动。不要追求被看见，只求忠心。完成之后写下发生了什么，让你自己的行动成为一个可以被回顾、也可以被分享的见证。,,计算,先确定今天要走的一步,从作门徒的代价进入认真选择,不冲动承诺，先数算再行动,门徒｜计算｜代价,沿用现有选择区逻辑,我决定今天认真决定______,,已校准｜需最终经文逐字核验,保留原表经文；本轮完成语言与门训结构校准
34,5,周六,轻回顾,模块1｜认识基督,建立对基督、福音与身份的基本认识,背起十字架跟随祂,回顾本周：背起十字架跟随祂,诗23：1-6,读 诗篇 23:1-6，安静回看这七天的经历：哪些地方有顺服，哪些地方仍在挣扎，哪里看见神的带领？特别思考“确认一个变化，也确定下一步”。今天把本周浓缩成“一个看见、一个行动、一个下一步”，让回顾成为继续跟随的桥梁。,,回顾,回头看这一周,确认一个变化，也确定下一步,把这一周的发现带回生活,回顾｜本周变化｜下一步,根据本周选择生成总结,选定下一步,根据Day 1–6选择生成“一句方向＋一句鼓励”,已校准｜总结规则待程序实现,保留原表经文；本轮完成语言与门训结构校准
35,6,主日,主日信息入口,模块1｜认识基督,建立对基督、福音与身份的基本认识,祂来到我们中间,祂来到我们中间,约1：1-14,今天把经文放在心里，也把自己放在经文面前。读 约翰福音 1:1-14，围绕“祂来到我们中间”安静片刻，思想：抓住“道”进入本周。主日不是结束，而是进入本周门训的起点。今天选定一个具体场景，提醒自己在这一周继续回来面对这个主题。,,进入,从主日信息进入本周,抓住“道”进入本周,基督来到我们中间，也把祂的生命带进我们的生活。,道｜肉身｜恩典,选定本周一个要活出来的方向,完成一个本周个人回应,根据Day 1–6选择生成“一句方向＋一句鼓励”,已校准｜需最终经文逐字核验,保留原表经文；本轮完成语言与门训结构校准
36,6,周一,拓宽眼界,模块1｜认识基督,建立对基督、福音与身份的基本认识,祂来到我们中间,周一默想,腓2：5-11,今天先学习看见。读 腓立比书 2:5-11，不要急着批评或解决问题，留意经文让你看见什么：从基督的虚己看见祂怎样主动降卑。再回到自己的生活，观察一个真实反应、选择或习惯。门徒不是先表现得正确，而是先在神的光中看清楚自己。把今天看见的一件事记下来，作为后面回应的起点。,,看见,先看见经文中的人和行动,从基督的虚己看见祂怎样主动降卑,让基督的心影响今天的姿态,虚己｜奴仆｜顺服,沿用现有选择区逻辑,我决定今天以______的心态生活,,已校准｜需最终经文逐字核验,保留原表经文；本轮完成语言与门训结构校准
37,6,周二,深入省察,模块1｜认识基督,建立对基督、福音与身份的基本认识,祂来到我们中间,周二省察,来4：14-16,今天给自己几分钟安静。读 希伯来书 4:14-16，把经文所揭开的张力带回心里：从能体恤软弱的大祭司进入坦然无惧。问自己，我在什么地方正在重复同样的模式？不必马上找到解决方案，只需要说真话，并用一句简单的祷告把这份真实交给主。,,亲近,先看见自己的真实反应,从能体恤软弱的大祭司进入坦然无惧,把真实软弱带到主面前,大祭司｜体恤｜施恩,沿用现有选择区逻辑,我决定今天放下______,,已校准｜需最终经文逐字核验,保留原表经文；本轮完成语言与门训结构校准
38,6,周三,生活应用,模块1｜认识基督,建立对基督、福音与身份的基本认识,祂来到我们中间,周三应用,约1：14-18,不要等到条件完美才回应经文。读 约翰福音 1:14-18，找出一个可以立即开始的动作，回应“从“道成了肉身”进入与人同行”。今天只走一步，但要真的走。行动之后，用一分钟回顾结果，让经验成为下一次跟随的依据。,,同行,先找一个今天能做的地方,从“道成了肉身”进入与人同行,在一个具体处境中陪伴人,道｜肉身｜恩典,沿用现有选择区逻辑,我决定今天在______上与人同行,,已校准｜需最终经文逐字核验,保留原表经文；本轮完成语言与门训结构校准
39,6,周四,关系实践,模块1｜认识基督,建立对基督、福音与身份的基本认识,祂来到我们中间,周四关系,太25：34-40,今天把跟随带进一个人的名字。读 马太福音 25:34-40，思想：从“在最小的弟兄中”看见服事主。想起一段真实关系，不停留在“我要更有爱心”的想法，而是决定一个看得见的动作：认真倾听、主动帮助、道歉、感谢、分享或代祷。让今天的经文通过你的关系被活出来。,,服事,先放进一个真实关系,从“在最小的弟兄中”看见服事主,把一个容易忽略的人放进今天,最小的｜弟兄｜服事,沿用现有选择区逻辑,我决定今天主动服事______,,已校准｜需最终经文逐字核验,保留原表经文；本轮完成语言与门训结构校准
40,6,周五,行动承诺,模块1｜认识基督,建立对基督、福音与身份的基本认识,祂来到我们中间,周五行动,约1：29-34,今天的重点不是再多懂一点，而是愿意承担一步。读 约翰福音 1:29-34，把“从施洗约翰的见证看见为基督指路”落实到现实生活。可以是一次服事、一次给予、一次修复关系、一次见证或一次责任。先忠心完成今天能做的，然后在神面前感谢祂的带领。,,见证,先确定今天要走的一步,从施洗约翰的见证看见为基督指路,今天少讲自己，多指向基督,看见｜羔羊｜见证,沿用现有选择区逻辑,我决定今天用______见证主,,已校准｜需最终经文逐字核验,保留原表经文；本轮完成语言与门训结构校准
41,6,周六,轻回顾,模块1｜认识基督,建立对基督、福音与身份的基本认识,祂来到我们中间,回顾本周：祂来到我们中间,诗23：1-6,回顾不是给自己打分，而是辨认神怎样工作。今天读 诗篇 23:1-6，整理你这一周在“确认一个变化，也确定下一步”上的经历。感谢已经发生的，也承认还没有改变的。最后写下一句本周总结，并确定一个可以带进下一周的小小行动。,,回顾,回头看这一周,确认一个变化，也确定下一步,把这一周的发现带回生活,回顾｜本周变化｜下一步,根据本周选择生成总结,选定下一步,根据Day 1–6选择生成“一句方向＋一句鼓励”,已校准｜总结规则待程序实现,保留原表经文；本轮完成语言与门训结构校准
42,7,主日,主日信息入口,模块1｜认识基督,建立对基督、福音与身份的基本认识,主，教我们祷告,主，教我们祷告,路11：1-13,今天先慢下来。读 路加福音 11:1-13，让“主，教我们祷告”成为这一周共同的入口。不要急着把主日信息变成更多知识，先问：抓住“祷告”进入本周。把这个问题放进你真实的生活，找出一个本周愿意跟随主的场景。主日的领受要进入一周的生活，才会成为门徒的道路。,,进入,从主日信息进入本周,抓住“祷告”进入本周,学着向父祷告，让祷告进入每天的生活和关系。,祷告｜父｜饶恕,选定本周一个要活出来的方向,完成一个本周个人回应,根据Day 1–6选择生成“一句方向＋一句鼓励”,已校准｜需最终经文逐字核验,保留原表经文；本轮完成语言与门训结构校准
43,7,周一,拓宽眼界,模块1｜认识基督,建立对基督、福音与身份的基本认识,主，教我们祷告,周一默想,太6：5-15,读 马太福音 6:5-15 时，先把注意力放在经文的人、行动和张力上。今天特别思想：从主祷文看见祷告首先指向父和祂的国。然后问自己，这件事在我的生活里有没有类似的位置？不要急着改变，先诚实记录一次。能够看见，是让神的话从纸面进入生命的第一步。,,看见,先看见经文中的人和行动,从主祷文看见祷告首先指向父和祂的国,调整祷告的中心,父｜国｜日用饮食,沿用现有选择区逻辑,我决定今天以______的态度祷告,,已校准｜需最终经文逐字核验,保留原表经文；本轮完成语言与门训结构校准
44,7,周二,深入省察,模块1｜认识基督,建立对基督、福音与身份的基本认识,主，教我们祷告,周二省察,雅4：1-3,门徒训练不仅改变行为，也改变里面的动机。读 雅各书 4:1-3，认真面对“从“妄求”看见祷告背后的欲望”。当你察觉到防卫、焦虑、比较或自我保护时，不要赶快掩盖。把那个最真实的反应写下来，求主带你从看见走向悔改与信靠。,,省察,先看见自己的真实反应,从“妄求”看见祷告背后的欲望,把自己的真实需要带到主面前,私欲｜求｜妄求,沿用现有选择区逻辑,我决定今天放下______,,已校准｜需最终经文逐字核验,保留原表经文；本轮完成语言与门训结构校准
45,7,周三,生活应用,模块1｜认识基督,建立对基督、福音与身份的基本认识,主，教我们祷告,周三应用,帖前5：16-18,今天把经文缩小成一个选择。读 帖撒罗尼迦前书 5:16-18，问自己：从常常祷告进入具体生活。不要设计一个很大的计划，只找一个今天能完成的小行动。门徒的成长常常发生在普通时间、普通决定和普通责任里。选定时间点去做，完成后再回看它带来了什么改变。,,操练,先找一个今天能做的地方,从常常祷告进入具体生活,把祷告放进一个固定时刻,常常｜喜乐｜祷告,沿用现有选择区逻辑,我决定今天在______上不住祷告,,已校准｜需最终经文逐字核验,保留原表经文；本轮完成语言与门训结构校准
46,7,周四,关系实践,模块1｜认识基督,建立对基督、福音与身份的基本认识,主，教我们祷告,周四关系,提前2：1-4,门徒生命一定会影响人与人的相处。读 提摩太前书 2:1-4，问自己：从为万人恳求进入关系。选一个具体的人，少一点自我证明，多一点靠近与承担。你今天不需要解决这段关系的全部问题，只需要完成一个真实而善意的动作，并留意自己的心发生了什么。,,代求,先放进一个真实关系,从为万人恳求进入关系,选择一个真实的人持续代求,万人｜代求｜救主,沿用现有选择区逻辑,我决定今天主动为______代求,,已校准｜需最终经文逐字核验,保留原表经文；本轮完成语言与门训结构校准
47,7,周五,行动承诺,模块1｜认识基督,建立对基督、福音与身份的基本认识,主，教我们祷告,周五行动,可11：22-25,回应就是把领受交在行动里。读 马可福音 11:22-25，思想“从祷告中的饶恕进入关系修复”对今天意味着什么。选择一个具体行动，并为它安排明确的时间。做完不要急着评估自己，而是回头看：我是否更愿意跟随？神又让我看见了什么？,,饶恕,先确定今天要走的一步,从祷告中的饶恕进入关系修复,先在主面前放下债，再迈出关系的一步,信｜祷告｜饶恕,沿用现有选择区逻辑,我决定今天在祷告中饶恕______,,已校准｜需最终经文逐字核验,保留原表经文；本轮完成语言与门训结构校准
48,7,周六,轻回顾,模块1｜认识基督,建立对基督、福音与身份的基本认识,主，教我们祷告,回顾本周：主，教我们祷告,诗23：1-6,今天是回顾的一天。读 诗篇 23:1-6，回头看这一周，特别整理：确认一个变化，也确定下一步。不要只问“我做得好不好”，而要问三件事：神让我看见什么？我实际做了什么？下一步要继续什么？把一个真实学习写下来，再把下一步写成下周可以执行的动作。,,回顾,回头看这一周,确认一个变化，也确定下一步,把这一周的发现带回生活,回顾｜本周变化｜下一步,根据本周选择生成总结,选定下一步,根据Day 1–6选择生成“一句方向＋一句鼓励”,已校准｜总结规则待程序实现,保留原表经文；本轮完成语言与门训结构校准
49,8,主日,主日信息入口,模块1｜认识基督,建立对基督、福音与身份的基本认识,怜悯，就去做,怜悯，就去做,路10：25-37,今天是新一周的起点。读 路加福音 10:25-37，先观察经文如何把我们带到“怜悯，就去做”。抓住“怜悯”进入本周。不要要求自己一次改变很多，只需要认出一个最真实的回应方向，并为接下来的六天留下一个可以反复操练的生活位置。,,进入,从主日信息进入本周,抓住“怜悯”进入本周,看见人的需要，就用怜悯回应，把所听见的活出来。,怜悯｜邻舍｜行,选定本周一个要活出来的方向,完成一个本周个人回应,根据Day 1–6选择生成“一句方向＋一句鼓励”,已校准｜需最终经文逐字核验,保留原表经文；本轮完成语言与门训结构校准
50,8,周一,拓宽眼界,模块1｜认识基督,建立对基督、福音与身份的基本认识,怜悯，就去做,周一默想,弥6：6-8,今天不急着得到“正确答案”，而是练习观察。读 弥迦书 6:6-8，留意“从行公义、好怜悯进入每天的选择”怎样显现在经文里，也怎样可能出现在你今天的生活中。选择一个固定场景停一分钟，看见自己真实的反应，并把它带到主面前。,,看见,先看见经文中的人和行动,从行公义、好怜悯进入每天的选择,把属灵生活落到一个具体态度,公义｜怜悯｜谦卑,沿用现有选择区逻辑,我决定今天以______的态度行事,,已校准｜需最终经文逐字核验,保留原表经文；本轮完成语言与门训结构校准
51,8,周二,深入省察,模块1｜认识基督,建立对基督、福音与身份的基本认识,怜悯，就去做,周二省察,伯29：11-17,今天从外在经文转向内在生命。读 约伯记 29:11-17，诚实面对：从约伯帮助困苦人的经历看见怜悯的具体形状。不要先解释自己，也不要急着定罪自己。试着辨认这个反应背后更深的欲望、惧怕、骄傲或不信。省察不是自责，而是在神面前停止遮掩，愿意让主触碰真实的自己。,,省察,先看见自己的真实反应,从约伯帮助困苦人的经历看见怜悯的具体形状,辨认自己忽略的人,公义｜拯救｜困苦人,沿用现有选择区逻辑,我决定今天放下______,,已校准｜需最终经文逐字核验,保留原表经文；本轮完成语言与门训结构校准
52,8,周三,生活应用,模块1｜认识基督,建立对基督、福音与身份的基本认识,怜悯，就去做,周三应用,太25：31-40,今天让“知道”变成“去做”。读 马太福音 25:31-40，思考“从绵羊与山羊的比喻看见爱需要实际行动”在你的现实处境中最小的下一步是什么。把行动限定在十分钟左右，越具体越好。做完后记下一句话：我做了什么？有什么阻力？主让我看见什么？,,行动,先找一个今天能做的地方,从绵羊与山羊的比喻看见爱需要实际行动,选一个真实需要马上回应,弟兄｜怜悯｜行,沿用现有选择区逻辑,我决定今天______,,已校准｜需最终经文逐字核验,保留原表经文；本轮完成语言与门训结构校准
53,8,周四,关系实践,模块1｜认识基督,建立对基督、福音与身份的基本认识,怜悯，就去做,周四关系,雅2：14-17,今天观察自己怎样对待别人，也让经文重新整理这种关系。读 雅各书 2:14-17，围绕“从“信心没有行为是死的”进入具体帮助”作一个具体决定。找一个人，主动走近一步；可以是一句话、一次倾听、一次帮助或一次代祷。真实关系中的小小顺服，就是门徒训练的一部分。,,帮助,先放进一个真实关系,从“信心没有行为是死的”进入具体帮助,让信心变成一个看得见的行动,信心｜行为｜帮助,沿用现有选择区逻辑,我决定今天主动帮助______,,已校准｜需最终经文逐字核验,保留原表经文；本轮完成语言与门训结构校准
54,8,周五,行动承诺,模块1｜认识基督,建立对基督、福音与身份的基本认识,怜悯，就去做,周五行动,路6：27-36,今天来到回应与承担。读 路加福音 6:27-36，问自己：从爱仇敌、善待人进入更深的怜悯。把信仰从个人感受带向一个具体的人、一项责任或一个见证行动。不要追求被看见，只求忠心。完成之后写下发生了什么，让你自己的行动成为一个可以被回顾、也可以被分享的见证。,,爱仇敌,先确定今天要走的一步,从爱仇敌、善待人进入更深的怜悯,不等对方改变，先走出自己的回应,爱仇敌｜善待｜怜悯,沿用现有选择区逻辑,我决定今天对______显出善意,,已校准｜需最终经文逐字核验,保留原表经文；本轮完成语言与门训结构校准
55,8,周六,轻回顾,模块1｜认识基督,建立对基督、福音与身份的基本认识,怜悯，就去做,回顾本周：怜悯，就去做,诗23：1-6,读 诗篇 23:1-6，安静回看这七天的经历：哪些地方有顺服，哪些地方仍在挣扎，哪里看见神的带领？特别思考“确认一个变化，也确定下一步”。今天把本周浓缩成“一个看见、一个行动、一个下一步”，让回顾成为继续跟随的桥梁。,,回顾,回头看这一周,确认一个变化，也确定下一步,把这一周的发现带回生活,回顾｜本周变化｜下一步,根据本周选择生成总结,选定下一步,根据Day 1–6选择生成“一句方向＋一句鼓励”,已校准｜总结规则待程序实现,保留原表经文；本轮完成语言与门训结构校准
56,9,主日,主日信息入口,模块2｜跟随基督,从认识进入回应、操练与跟随,你的财宝在哪里？,你的财宝在哪里？,路12：13-34,今天把经文放在心里，也把自己放在经文面前。读 路加福音 12:13-34，围绕“你的财宝在哪里？”安静片刻，思想：留意主怎样带你从认识走向跟随。。主日不是结束，而是进入本周门训的起点。今天选定一个具体场景，提醒自己在这一周继续回来面对这个主题。,,进入｜从主日信息进入本周,本周，我最需要面对的是：“把财宝放在哪里”,先不急着回答，把主日经文放进你的生活：把财宝放在哪里。留意主怎样带你从认识走向跟随。,本周不追求抽象改变，只在一个真实生活场景中练习“把财宝放在哪里”。,你的财宝在哪｜今天最触动你｜的是什么｜财富,今天最触动我的状态｜很有共鸣｜有一点挣扎｜还不清楚｜愿意开始,用3分钟写下本周回应：“主啊，在把财宝放在哪里上，我愿意跟随你。”再选定一个本周每天都可以提醒自己的具体场景。,,V1.1｜第9–52周逐周具体内容已补全｜依据冻结版主题、每日经文与第1–8周确认的门训规则,本轮为内容制作稿；经文出处沿用冻结版，和合本全文与候选关键词仍须逐段核验。
57,9,周一,拓宽眼界,模块2｜跟随基督,从认识进入回应、操练与跟随,你的财宝在哪里？,周一默想,传5：8-12,今天先学习看见。读 传道书 5:8-12，不要急着批评或解决问题，留意经文让你看见什么：再问自己：我今天在哪里正在经历同样的事？（经文：你的财宝在哪里？ · 周一默想）。再回到自己的生活，观察一个真实反应、选择或习惯。门徒不是先表现得正确，而是先在神的光中看清楚自己。把今天看见的一件事记下来，作为后面回应的起点。,,看见｜先看见经文与自己的处境,经文怎样让我看见“观察财富带来的安全感与不安”？,先观察经文中的人物、行动和张力，再问自己：我今天在哪里正在经历同样的事？（经文：你的财宝在哪里？ · 周一默想）,今天先看见，不急着改变；留意“观察财富带来的安全感与不安”在我的选择、情绪或习惯中如何出现。,你的财宝在哪｜周一默想｜你所积攒的能｜真正满足你吗,今天我的状态｜已经看见｜有些模糊｜容易忽略｜愿意留意,今天选一个固定场景（通勤、工作、吃饭或睡前），停下来1分钟，记录一次“观察财富带来的安全感与不安”在自己身上的真实表现。,,V1.1｜第9–52周逐周具体内容已补全｜依据冻结版主题、每日经文与第1–8周确认的门训规则,本轮为内容制作稿；经文出处沿用冻结版，和合本全文与候选关键词仍须逐段核验。
58,9,周二,深入省察,模块2｜跟随基督,从认识进入回应、操练与跟随,你的财宝在哪里？,周二省察,提前6：6-10,今天给自己几分钟安静。读 提摩太前书 6:6-10，把经文所揭开的张力带回心里：不要先批评自己，也不要替自己辩护；诚实辨认背后的欲望、惧怕、骄傲或不信，并把它带到主面前。。问自己，我在什么地方正在重复同样的模式？不必马上找到解决方案，只需要说真话，并用一句简单的祷告把这份真实交给主。,,省察｜先面对里面真实的反应,我为什么会在“分辨贪恋与知足”上有这样的反应？,不要先批评自己，也不要替自己辩护；诚实辨认背后的欲望、惧怕、骄傲或不信，并把它带到主面前。,今天诚实面对一个关于“分辨贪恋与知足”的内在反应，不用属灵话语遮盖它。,你的财宝在哪｜周二省察｜你是否有｜贪恋钱财,我最接近的状态｜愿意面对｜有点抗拒｜容易解释自己｜需要别人陪伴,今天安静5分钟，不为自己辩解，只写下“分辨贪恋与知足”引出的一个惧怕、欲望或惯性，然后用一句祷告交给主。,,V1.1｜第9–52周逐周具体内容已补全｜依据冻结版主题、每日经文与第1–8周确认的门训规则,本轮为内容制作稿；经文出处沿用冻结版，和合本全文与候选关键词仍须逐段核验。
59,9,周三,生活应用,模块2｜跟随基督,从认识进入回应、操练与跟随,你的财宝在哪里？,周三应用,太6：19-24,不要等到条件完美才回应经文。读 马太福音 6:19-24，找出一个可以立即开始的动作，回应“不要追求大改变，只走清楚的一步。”。今天只走一步，但要真的走。行动之后，用一分钟回顾结果，让经验成为下一次跟随的依据。,,行动｜把经文落到一个今天能做的选择,今天我可以怎样把“让心从积攒转向天国”做出来？,把原则缩小到今天：一个时间点、一个决定、一个动作就够。不要追求大改变，只走清楚的一步。,今天把“让心从积攒转向天国”放进一个具体决定，用一个小行动回应经文。,你的财宝在哪｜周三应用｜今天你需要在｜哪些方面调整,我的行动准备度｜现在就能做｜需要一点计划｜需要别人提醒｜暂时还没想到,今天安排一个明确时间点，把“让心从积攒转向天国”变成一个10分钟以内的行动，并在完成后记下一个结果。,,V1.1｜第9–52周逐周具体内容已补全｜依据冻结版主题、每日经文与第1–8周确认的门训规则,本轮为内容制作稿；经文出处沿用冻结版，和合本全文与候选关键词仍须逐段核验。
60,9,周四,关系实践,模块2｜跟随基督,从认识进入回应、操练与跟随,你的财宝在哪里？,周四关系,可12：41-44,今天把跟随带进一个人的名字。读 马可福音 12:41-44，思想：想起一个具体的人，不停留在抽象的“爱人”；问自己：我可以听什么、说什么、给什么、承担什么？。想起一段真实关系，不停留在“我要更有爱心”的想法，而是决定一个看得见的动作：认真倾听、主动帮助、道歉、感谢、分享或代祷。让今天的经文通过你的关系被活出来。,,关系｜把跟随放进真实的人际关系,今天哪个关系最需要让我实践“在资源上练习慷慨”？,想起一个具体的人，不停留在抽象的“爱人”；问自己：我可以听什么、说什么、给什么、承担什么？,今天让“在资源上练习慷慨”发生在一个真实关系里，而不是停留在个人感受中。,你的财宝在哪｜周四关系｜今天你可以像｜穷寡妇一样奉,我在关系中的状态｜愿意主动｜想保持距离｜正在修复｜不知道怎么开口,今天选定一位具体的人，用一个可见动作实践“在资源上练习慷慨”：主动联系、倾听、帮助、道歉、分享或代祷，六选一。,,V1.1｜第9–52周逐周具体内容已补全｜依据冻结版主题、每日经文与第1–8周确认的门训规则,本轮为内容制作稿；经文出处沿用冻结版，和合本全文与候选关键词仍须逐段核验。
61,9,周五,行动承诺,模块2｜跟随基督,从认识进入回应、操练与跟随,你的财宝在哪里？,周五行动,林后9：6-15,今天的重点不是再多懂一点，而是愿意承担一步。读 哥林多后书 9:6-15，把“用实际行动回应主的差遣。”落实到现实生活。可以是一次服事、一次给予、一次修复关系、一次见证或一次责任。先忠心完成今天能做的，然后在神面前感谢祂的带领。,,回应｜从跟随走向见证与承担,如果我真的相信“用奉献表达信靠”，今天会有什么不同？,把信仰从个人感受带向承担：选择一个人、一个场景或一项责任，用实际行动回应主的差遣。,今天让别人能够从我的一个真实行动，看见“用奉献表达信靠”正在改变我。,你的财宝在哪｜周五行动｜今天你可以乐｜捐在哪里,我的回应状态｜已经确定一步｜正在寻找机会｜有惧怕｜需要同伴同行,今天把“用奉献表达信靠”带到一个真实的承担中：完成一次见证、服事、给予、修复关系或承担责任，并记录发生了什么。,,V1.1｜第9–52周逐周具体内容已补全｜依据冻结版主题、每日经文与第1–8周确认的门训规则,本轮为内容制作稿；经文出处沿用冻结版，和合本全文与候选关键词仍须逐段核验。
62,9,周六,轻回顾,模块2｜跟随基督,从认识进入回应、操练与跟随,你的财宝在哪里？,回顾本周：你的财宝在哪里？,诗23：1-6,回顾不是给自己打分，而是辨认神怎样工作。今天读 诗篇 23:1-6，整理你这一周在“不要只评价自己“做得好不好”，而是辨认：神让我看见了什么？我实际做了什么？下一步要继续什么？”上的经历。感谢已经发生的，也承认还没有改变的。最后写下一句本周总结，并确定一个可以带进下一周的小小行动。,,回顾｜看见本周发生了什么，并确定下一步,回头看七天，我在哪里真实经历了“回顾本周对财物的改变”？,不要只评价自己“做得好不好”，而是辨认：神让我看见了什么？我实际做了什么？下一步要继续什么？,今天从经历而不是感觉回顾“回顾本周对财物的改变”，辨认神的工作与下一步。,回顾本周｜你的财宝在哪｜这周你经历最｜多的是什么,本周最接近我的状态｜有真实改变｜有看见但未落实｜正在挣扎｜准备重新开始,今天用10分钟完成本周回顾：写下“神让我看见什么／我实际做了什么／下一步继续什么”，并把下一步写成一个下周可执行的动作。,本周总结｜主题“你的财宝在哪里？”。回顾“把财宝放在哪里—回顾本周对财物的改变”：神让我看见______；我实际回应了______；下一步我要继续______。｜宣告：主仍在带领我，我愿继续跟随。,V1.1｜第9–52周逐周具体内容已补全｜依据冻结版主题、每日经文与第1–8周确认的门训规则,本轮为内容制作稿；经文出处沿用冻结版，和合本全文与候选关键词仍须逐段核验。
63,10,主日,主日信息入口,模块2｜跟随基督,从认识进入回应、操练与跟随,神国里的座位,神国里的座位,路14：7-24,今天先慢下来。读 路加福音 14:7-24，让“神国里的座位”成为这一周共同的入口。不要急着把主日信息变成更多知识，先问：留意主怎样带你从认识走向跟随。。把这个问题放进你真实的生活，找出一个本周愿意跟随主的场景。主日的领受要进入一周的生活，才会成为门徒的道路。,,进入｜从主日信息进入本周,本周，我最需要面对的是：“在神国里重新看位置”,先不急着回答，把主日经文放进你的生活：在神国里重新看位置。留意主怎样带你从认识走向跟随。,本周不追求抽象改变，只在一个真实生活场景中练习“在神国里重新看位置”。,神国里的座位｜今天最触动你｜的是什么｜座位,今天最触动我的状态｜很有共鸣｜有一点挣扎｜还不清楚｜愿意开始,用3分钟写下本周回应：“主啊，在在神国里重新看位置上，我愿意跟随你。”再选定一个本周每天都可以提醒自己的具体场景。,,V1.1｜第9–52周逐周具体内容已补全｜依据冻结版主题、每日经文与第1–8周确认的门训规则,本轮为内容制作稿；经文出处沿用冻结版，和合本全文与候选关键词仍须逐段核验。
64,10,周一,拓宽眼界,模块2｜跟随基督,从认识进入回应、操练与跟随,神国里的座位,周一默想,箴25：6-7,读 箴言 25:6-7 时，先把注意力放在经文的人、行动和张力上。今天特别思想：再问自己：我今天在哪里正在经历同样的事？（经文：神国里的座位 · 周一默想）。然后问自己，这件事在我的生活里有没有类似的位置？不要急着改变，先诚实记录一次。能够看见，是让神的话从纸面进入生命的第一步。,,看见｜先看见经文与自己的处境,经文怎样让我看见“学习不抢先、不高抬自己”？,先观察经文中的人物、行动和张力，再问自己：我今天在哪里正在经历同样的事？（经文：神国里的座位 · 周一默想）,今天先看见，不急着改变；留意“学习不抢先、不高抬自己”在我的选择、情绪或习惯中如何出现。,神国里的座位｜周一默想｜在神国里｜坐在末位,今天我的状态｜已经看见｜有些模糊｜容易忽略｜愿意留意,今天选一个固定场景（通勤、工作、吃饭或睡前），停下来1分钟，记录一次“学习不抢先、不高抬自己”在自己身上的真实表现。,,V1.1｜第9–52周逐周具体内容已补全｜依据冻结版主题、每日经文与第1–8周确认的门训规则,本轮为内容制作稿；经文出处沿用冻结版，和合本全文与候选关键词仍须逐段核验。
65,10,周二,深入省察,模块2｜跟随基督,从认识进入回应、操练与跟随,神国里的座位,周二省察,太20：20-28,门徒训练不仅改变行为，也改变里面的动机。读 马太福音 20:20-28，认真面对“不要先批评自己，也不要替自己辩护；诚实辨认背后的欲望、惧怕、骄傲或不信，并把它带到主面前。”。当你察觉到防卫、焦虑、比较或自我保护时，不要赶快掩盖。把那个最真实的反应写下来，求主带你从看见走向悔改与信靠。,,省察｜先面对里面真实的反应,我为什么会在“省察对地位与认可的渴望”上有这样的反应？,不要先批评自己，也不要替自己辩护；诚实辨认背后的欲望、惧怕、骄傲或不信，并把它带到主面前。,今天诚实面对一个关于“省察对地位与认可的渴望”的内在反应，不用属灵话语遮盖它。,神国里的座位｜周二省察｜你是否有｜坐在左右,我最接近的状态｜愿意面对｜有点抗拒｜容易解释自己｜需要别人陪伴,今天安静5分钟，不为自己辩解，只写下“省察对地位与认可的渴望”引出的一个惧怕、欲望或惯性，然后用一句祷告交给主。,,V1.1｜第9–52周逐周具体内容已补全｜依据冻结版主题、每日经文与第1–8周确认的门训规则,本轮为内容制作稿；经文出处沿用冻结版，和合本全文与候选关键词仍须逐段核验。
66,10,周三,生活应用,模块2｜跟随基督,从认识进入回应、操练与跟随,神国里的座位,周三应用,路14：25-33,今天把经文缩小成一个选择。读 路加福音 14:25-33，问自己：不要追求大改变，只走清楚的一步。。不要设计一个很大的计划，只找一个今天能完成的小行动。门徒的成长常常发生在普通时间、普通决定和普通责任里。选定时间点去做，完成后再回看它带来了什么改变。,,行动｜把经文落到一个今天能做的选择,今天我可以怎样把“在选择中优先跟随基督”做出来？,把原则缩小到今天：一个时间点、一个决定、一个动作就够。不要追求大改变，只走清楚的一步。,今天把“在选择中优先跟随基督”放进一个具体决定，用一个小行动回应经文。,神国里的座位｜周三应用｜今天你需要在｜哪个领域,我的行动准备度｜现在就能做｜需要一点计划｜需要别人提醒｜暂时还没想到,今天安排一个明确时间点，把“在选择中优先跟随基督”变成一个10分钟以内的行动，并在完成后记下一个结果。,,V1.1｜第9–52周逐周具体内容已补全｜依据冻结版主题、每日经文与第1–8周确认的门训规则,本轮为内容制作稿；经文出处沿用冻结版，和合本全文与候选关键词仍须逐段核验。
67,10,周四,关系实践,模块2｜跟随基督,从认识进入回应、操练与跟随,神国里的座位,周四关系,罗12：9-16,门徒生命一定会影响人与人的相处。读 罗马书 12:9-16，问自己：想起一个具体的人，不停留在抽象的“爱人”；问自己：我可以听什么、说什么、给什么、承担什么？。选一个具体的人，少一点自我证明，多一点靠近与承担。你今天不需要解决这段关系的全部问题，只需要完成一个真实而善意的动作，并留意自己的心发生了什么。,,关系｜把跟随放进真实的人际关系,今天哪个关系最需要让我实践“在关系中彼此尊重、推让”？,想起一个具体的人，不停留在抽象的“爱人”；问自己：我可以听什么、说什么、给什么、承担什么？,今天让“在关系中彼此尊重、推让”发生在一个真实关系里，而不是停留在个人感受中。,神国里的座位｜周四关系｜今天你可以怎｜彼此推让,我在关系中的状态｜愿意主动｜想保持距离｜正在修复｜不知道怎么开口,今天选定一位具体的人，用一个可见动作实践“在关系中彼此尊重、推让”：主动联系、倾听、帮助、道歉、分享或代祷，六选一。,,V1.1｜第9–52周逐周具体内容已补全｜依据冻结版主题、每日经文与第1–8周确认的门训规则,本轮为内容制作稿；经文出处沿用冻结版，和合本全文与候选关键词仍须逐段核验。
68,10,周五,行动承诺,模块2｜跟随基督,从认识进入回应、操练与跟随,神国里的座位,周五行动,约13：12-17,回应就是把领受交在行动里。读 约翰福音 13:12-17，思想“用实际行动回应主的差遣。”对今天意味着什么。选择一个具体行动，并为它安排明确的时间。做完不要急着评估自己，而是回头看：我是否更愿意跟随？神又让我看见了什么？,,回应｜从跟随走向见证与承担,如果我真的相信“主动做一件不求被看见的服事”，今天会有什么不同？,把信仰从个人感受带向承担：选择一个人、一个场景或一项责任，用实际行动回应主的差遣。,今天让别人能够从我的一个真实行动，看见“主动做一件不求被看见的服事”正在改变我。,神国里的座位｜周五行动｜今天你可以为｜洗脚,我的回应状态｜已经确定一步｜正在寻找机会｜有惧怕｜需要同伴同行,今天把“主动做一件不求被看见的服事”带到一个真实的承担中：完成一次见证、服事、给予、修复关系或承担责任，并记录发生了什么。,,V1.1｜第9–52周逐周具体内容已补全｜依据冻结版主题、每日经文与第1–8周确认的门训规则,本轮为内容制作稿；经文出处沿用冻结版，和合本全文与候选关键词仍须逐段核验。
69,10,周六,轻回顾,模块2｜跟随基督,从认识进入回应、操练与跟随,神国里的座位,回顾本周：神国里的座位,诗23：1-6,今天是回顾的一天。读 诗篇 23:1-6，回头看这一周，特别整理：不要只评价自己“做得好不好”，而是辨认：神让我看见了什么？我实际做了什么？下一步要继续什么？。不要只问“我做得好不好”，而要问三件事：神让我看见什么？我实际做了什么？下一步要继续什么？把一个真实学习写下来，再把下一步写成下周可以执行的动作。,,回顾｜看见本周发生了什么，并确定下一步,回头看七天，我在哪里真实经历了“回顾自己是否更愿意在末位跟随”？,不要只评价自己“做得好不好”，而是辨认：神让我看见了什么？我实际做了什么？下一步要继续什么？,今天从经历而不是感觉回顾“回顾自己是否更愿意在末位跟随”，辨认神的工作与下一步。,回顾本周｜神国里的座位｜这周你经历最｜多的是什么,本周最接近我的状态｜有真实改变｜有看见但未落实｜正在挣扎｜准备重新开始,今天用10分钟完成本周回顾：写下“神让我看见什么／我实际做了什么／下一步继续什么”，并把下一步写成一个下周可执行的动作。,本周总结｜主题“神国里的座位”。回顾“在神国里重新看位置—回顾自己是否更愿意在末位跟随”：神让我看见______；我实际回应了______；下一步我要继续______。｜宣告：主仍在带领我，我愿继续跟随。,V1.1｜第9–52周逐周具体内容已补全｜依据冻结版主题、每日经文与第1–8周确认的门训规则,本轮为内容制作稿；经文出处沿用冻结版，和合本全文与候选关键词仍须逐段核验。
70,11,主日,主日信息入口,模块2｜跟随基督,从认识进入回应、操练与跟随,你事奉谁？,你事奉谁？,路16：1-13,今天是新一周的起点。读 路加福音 16:1-13，先观察经文如何把我们带到“你事奉谁？”。留意主怎样带你从认识走向跟随。。不要要求自己一次改变很多，只需要认出一个最真实的回应方向，并为接下来的六天留下一个可以反复操练的生活位置。,,进入｜从主日信息进入本周,本周，我最需要面对的是：“确认真正的主人”,先不急着回答，把主日经文放进你的生活：确认真正的主人。留意主怎样带你从认识走向跟随。,本周不追求抽象改变，只在一个真实生活场景中练习“确认真正的主人”。,你事奉谁｜今天最触动你｜的是什么｜主人,今天最触动我的状态｜很有共鸣｜有一点挣扎｜还不清楚｜愿意开始,用3分钟写下本周回应：“主啊，在确认真正的主人上，我愿意跟随你。”再选定一个本周每天都可以提醒自己的具体场景。,,V1.1｜第9–52周逐周具体内容已补全｜依据冻结版主题、每日经文与第1–8周确认的门训规则,本轮为内容制作稿；经文出处沿用冻结版，和合本全文与候选关键词仍须逐段核验。
71,11,周一,拓宽眼界,模块2｜跟随基督,从认识进入回应、操练与跟随,你事奉谁？,周一默想,书24：14-18,今天不急着得到“正确答案”，而是练习观察。读 约书亚记 24:14-18，留意“再问自己：我今天在哪里正在经历同样的事？（经文：你事奉谁？ · 周一默想）”怎样显现在经文里，也怎样可能出现在你今天的生活中。选择一个固定场景停一分钟，看见自己真实的反应，并把它带到主面前。,,看见｜先看见经文与自己的处境,经文怎样让我看见“辨认心中同时服事两个主的倾向”？,先观察经文中的人物、行动和张力，再问自己：我今天在哪里正在经历同样的事？（经文：你事奉谁？ · 周一默想）,今天先看见，不急着改变；留意“辨认心中同时服事两个主的倾向”在我的选择、情绪或习惯中如何出现。,你事奉谁｜周一默想｜今天你选择事｜奉谁,今天我的状态｜已经看见｜有些模糊｜容易忽略｜愿意留意,今天选一个固定场景（通勤、工作、吃饭或睡前），停下来1分钟，记录一次“辨认心中同时服事两个主的倾向”在自己身上的真实表现。,,V1.1｜第9–52周逐周具体内容已补全｜依据冻结版主题、每日经文与第1–8周确认的门训规则,本轮为内容制作稿；经文出处沿用冻结版，和合本全文与候选关键词仍须逐段核验。
72,11,周二,深入省察,模块2｜跟随基督,从认识进入回应、操练与跟随,你事奉谁？,周二省察,太6：24,今天从外在经文转向内在生命。读 马太福音 6:24，诚实面对：不要先批评自己，也不要替自己辩护；诚实辨认背后的欲望、惧怕、骄傲或不信，并把它带到主面前。。不要先解释自己，也不要急着定罪自己。试着辨认这个反应背后更深的欲望、惧怕、骄傲或不信。省察不是自责，而是在神面前停止遮掩，愿意让主触碰真实的自己。,,省察｜先面对里面真实的反应,我为什么会在“面对金钱、工作、成就的控制力”上有这样的反应？,不要先批评自己，也不要替自己辩护；诚实辨认背后的欲望、惧怕、骄傲或不信，并把它带到主面前。,今天诚实面对一个关于“面对金钱、工作、成就的控制力”的内在反应，不用属灵话语遮盖它。,你事奉谁｜周二省察｜你心中是否有｜两个主,我最接近的状态｜愿意面对｜有点抗拒｜容易解释自己｜需要别人陪伴,今天安静5分钟，不为自己辩解，只写下“面对金钱、工作、成就的控制力”引出的一个惧怕、欲望或惯性，然后用一句祷告交给主。,,V1.1｜第9–52周逐周具体内容已补全｜依据冻结版主题、每日经文与第1–8周确认的门训规则,本轮为内容制作稿；经文出处沿用冻结版，和合本全文与候选关键词仍须逐段核验。
73,11,周三,生活应用,模块2｜跟随基督,从认识进入回应、操练与跟随,你事奉谁？,周三应用,林前10：31,今天让“知道”变成“去做”。读 哥林多前书 10:31，思考“不要追求大改变，只走清楚的一步。”在你的现实处境中最小的下一步是什么。把行动限定在十分钟左右，越具体越好。做完后记下一句话：我做了什么？有什么阻力？主让我看见什么？,,行动｜把经文落到一个今天能做的选择,今天我可以怎样把“把普通工作转为敬拜”做出来？,把原则缩小到今天：一个时间点、一个决定、一个动作就够。不要追求大改变，只走清楚的一步。,今天把“把普通工作转为敬拜”放进一个具体决定，用一个小行动回应经文。,你事奉谁｜周三应用｜今天你如何在｜凡事上,我的行动准备度｜现在就能做｜需要一点计划｜需要别人提醒｜暂时还没想到,今天安排一个明确时间点，把“把普通工作转为敬拜”变成一个10分钟以内的行动，并在完成后记下一个结果。,,V1.1｜第9–52周逐周具体内容已补全｜依据冻结版主题、每日经文与第1–8周确认的门训规则,本轮为内容制作稿；经文出处沿用冻结版，和合本全文与候选关键词仍须逐段核验。
74,11,周四,关系实践,模块2｜跟随基督,从认识进入回应、操练与跟随,你事奉谁？,周四关系,西3：22-24,今天观察自己怎样对待别人，也让经文重新整理这种关系。读 歌罗西书 3:22-24，围绕“想起一个具体的人，不停留在抽象的“爱人”；问自己：我可以听什么、说什么、给什么、承担什么？”作一个具体决定。找一个人，主动走近一步；可以是一句话、一次倾听、一次帮助或一次代祷。真实关系中的小小顺服，就是门徒训练的一部分。,,关系｜把跟随放进真实的人际关系,今天哪个关系最需要让我实践“在责任与工作中忠心服事人”？,想起一个具体的人，不停留在抽象的“爱人”；问自己：我可以听什么、说什么、给什么、承担什么？,今天让“在责任与工作中忠心服事人”发生在一个真实关系里，而不是停留在个人感受中。,你事奉谁｜周四关系｜今天你如何｜从心里,我在关系中的状态｜愿意主动｜想保持距离｜正在修复｜不知道怎么开口,今天选定一位具体的人，用一个可见动作实践“在责任与工作中忠心服事人”：主动联系、倾听、帮助、道歉、分享或代祷，六选一。,,V1.1｜第9–52周逐周具体内容已补全｜依据冻结版主题、每日经文与第1–8周确认的门训规则,本轮为内容制作稿；经文出处沿用冻结版，和合本全文与候选关键词仍须逐段核验。
75,11,周五,行动承诺,模块2｜跟随基督,从认识进入回应、操练与跟随,你事奉谁？,周五行动,彼前4：10-11,今天来到回应与承担。读 彼得前书 4:10-11，问自己：用实际行动回应主的差遣。。把信仰从个人感受带向一个具体的人、一项责任或一个见证行动。不要追求被看见，只求忠心。完成之后写下发生了什么，让你自己的行动成为一个可以被回顾、也可以被分享的见证。,,回应｜从跟随走向见证与承担,如果我真的相信“运用恩赐服事而不求掌声”，今天会有什么不同？,把信仰从个人感受带向承担：选择一个人、一个场景或一项责任，用实际行动回应主的差遣。,今天让别人能够从我的一个真实行动，看见“运用恩赐服事而不求掌声”正在改变我。,你事奉谁｜周五行动｜今天你可以使｜用什么恩赐服,我的回应状态｜已经确定一步｜正在寻找机会｜有惧怕｜需要同伴同行,今天把“运用恩赐服事而不求掌声”带到一个真实的承担中：完成一次见证、服事、给予、修复关系或承担责任，并记录发生了什么。,,V1.1｜第9–52周逐周具体内容已补全｜依据冻结版主题、每日经文与第1–8周确认的门训规则,本轮为内容制作稿；经文出处沿用冻结版，和合本全文与候选关键词仍须逐段核验。
76,11,周六,轻回顾,模块2｜跟随基督,从认识进入回应、操练与跟随,你事奉谁？,回顾本周：你事奉谁？,诗23：1-6,读 诗篇 23:1-6，安静回看这七天的经历：哪些地方有顺服，哪些地方仍在挣扎，哪里看见神的带领？特别思考“不要只评价自己“做得好不好”，而是辨认：神让我看见了什么？我实际做了什么？下一步要继续什么？”。今天把本周浓缩成“一个看见、一个行动、一个下一步”，让回顾成为继续跟随的桥梁。,,回顾｜看见本周发生了什么，并确定下一步,回头看七天，我在哪里真实经历了“回顾本周哪些事情仍在争夺主权”？,不要只评价自己“做得好不好”，而是辨认：神让我看见了什么？我实际做了什么？下一步要继续什么？,今天从经历而不是感觉回顾“回顾本周哪些事情仍在争夺主权”，辨认神的工作与下一步。,回顾本周｜你事奉谁｜这周你经历最｜多的是什么,本周最接近我的状态｜有真实改变｜有看见但未落实｜正在挣扎｜准备重新开始,今天用10分钟完成本周回顾：写下“神让我看见什么／我实际做了什么／下一步继续什么”，并把下一步写成一个下周可执行的动作。,本周总结｜主题“你事奉谁？”。回顾“确认真正的主人—回顾本周哪些事情仍在争夺主权”：神让我看见______；我实际回应了______；下一步我要继续______。｜宣告：主仍在带领我，我愿继续跟随。,V1.1｜第9–52周逐周具体内容已补全｜依据冻结版主题、每日经文与第1–8周确认的门训规则,本轮为内容制作稿；经文出处沿用冻结版，和合本全文与候选关键词仍须逐段核验。
77,12,主日,主日信息入口,模块2｜跟随基督,从认识进入回应、操练与跟随,谦卑的君王，走向十字架,谦卑的君王，走向十字架,太21：1-11,今天把经文放在心里，也把自己放在经文面前。读 马太福音 21:1-11，围绕“谦卑的君王，走向十字架”安静片刻，思想：留意主怎样带你从认识走向跟随。。主日不是结束，而是进入本周门训的起点。今天选定一个具体场景，提醒自己在这一周继续回来面对这个主题。,,进入｜从主日信息进入本周,本周，我最需要面对的是：“看见谦卑进入王权的道路”,先不急着回答，把主日经文放进你的生活：看见谦卑进入王权的道路。留意主怎样带你从认识走向跟随。,本周不追求抽象改变，只在一个真实生活场景中练习“看见谦卑进入王权的道路”。,谦卑的君王｜走向十字架｜今天最触动你｜的是什么,今天最触动我的状态｜很有共鸣｜有一点挣扎｜还不清楚｜愿意开始,用3分钟写下本周回应：“主啊，在看见谦卑进入王权的道路上，我愿意跟随你。”再选定一个本周每天都可以提醒自己的具体场景。,,V1.1｜第9–52周逐周具体内容已补全｜依据冻结版主题、每日经文与第1–8周确认的门训规则,本轮为内容制作稿；经文出处沿用冻结版，和合本全文与候选关键词仍须逐段核验。
78,12,周一,拓宽眼界,模块2｜跟随基督,从认识进入回应、操练与跟随,谦卑的君王，走向十字架,周一默想,亚9：9-10,今天先学习看见。读 撒迦利亚书 9:9-10，不要急着批评或解决问题，留意经文让你看见什么：再问自己：我今天在哪里正在经历同样的事？（经文：谦卑的君王，走向十字架 · 周一默想）。再回到自己的生活，观察一个真实反应、选择或习惯。门徒不是先表现得正确，而是先在神的光中看清楚自己。把今天看见的一件事记下来，作为后面回应的起点。,,看见｜先看见经文与自己的处境,经文怎样让我看见“学习以神的方式而不是自己的方式期待成功”？,先观察经文中的人物、行动和张力，再问自己：我今天在哪里正在经历同样的事？（经文：谦卑的君王，走向十字架 · 周一默想）,今天先看见，不急着改变；留意“学习以神的方式而不是自己的方式期待成功”在我的选择、情绪或习惯中如何出现。,谦卑的君王｜走向十字架｜周一默想｜这骑驴驹的君,今天我的状态｜已经看见｜有些模糊｜容易忽略｜愿意留意,今天选一个固定场景（通勤、工作、吃饭或睡前），停下来1分钟，记录一次“学习以神的方式而不是自己的方式期待成功”在自己身上的真实表现。,,V1.1｜第9–52周逐周具体内容已补全｜依据冻结版主题、每日经文与第1–8周确认的门训规则,本轮为内容制作稿；经文出处沿用冻结版，和合本全文与候选关键词仍须逐段核验。
79,12,周二,深入省察,模块2｜跟随基督,从认识进入回应、操练与跟随,谦卑的君王，走向十字架,周二省察,腓2：5-11,今天给自己几分钟安静。读 腓立比书 2:5-11，把经文所揭开的张力带回心里：不要先批评自己，也不要替自己辩护；诚实辨认背后的欲望、惧怕、骄傲或不信，并把它带到主面前。。问自己，我在什么地方正在重复同样的模式？不必马上找到解决方案，只需要说真话，并用一句简单的祷告把这份真实交给主。,,省察｜先面对里面真实的反应,我为什么会在“省察自尊、掌控与被认可”上有这样的反应？,不要先批评自己，也不要替自己辩护；诚实辨认背后的欲望、惧怕、骄傲或不信，并把它带到主面前。,今天诚实面对一个关于“省察自尊、掌控与被认可”的内在反应，不用属灵话语遮盖它。,谦卑的君王｜走向十字架｜周二省察｜你愿意效法基,我最接近的状态｜愿意面对｜有点抗拒｜容易解释自己｜需要别人陪伴,今天安静5分钟，不为自己辩解，只写下“省察自尊、掌控与被认可”引出的一个惧怕、欲望或惯性，然后用一句祷告交给主。,,V1.1｜第9–52周逐周具体内容已补全｜依据冻结版主题、每日经文与第1–8周确认的门训规则,本轮为内容制作稿；经文出处沿用冻结版，和合本全文与候选关键词仍须逐段核验。
80,12,周三,生活应用,模块2｜跟随基督,从认识进入回应、操练与跟随,谦卑的君王，走向十字架,周三应用,约12：12-19,不要等到条件完美才回应经文。读 约翰福音 12:12-19，找出一个可以立即开始的动作，回应“不要追求大改变，只走清楚的一步。”。今天只走一步，但要真的走。行动之后，用一分钟回顾结果，让经验成为下一次跟随的依据。,,行动｜把经文落到一个今天能做的选择,今天我可以怎样把“在具体选择上练习舍己”做出来？,把原则缩小到今天：一个时间点、一个决定、一个动作就够。不要追求大改变，只走清楚的一步。,今天把“在具体选择上练习舍己”放进一个具体决定，用一个小行动回应经文。,谦卑的君王｜走向十字架｜周三应用｜今天你如何,我的行动准备度｜现在就能做｜需要一点计划｜需要别人提醒｜暂时还没想到,今天安排一个明确时间点，把“在具体选择上练习舍己”变成一个10分钟以内的行动，并在完成后记下一个结果。,,V1.1｜第9–52周逐周具体内容已补全｜依据冻结版主题、每日经文与第1–8周确认的门训规则,本轮为内容制作稿；经文出处沿用冻结版，和合本全文与候选关键词仍须逐段核验。
81,12,周四,关系实践,模块2｜跟随基督,从认识进入回应、操练与跟随,谦卑的君王，走向十字架,周四关系,可10：45,今天把跟随带进一个人的名字。读 马可福音 10:45，思想：想起一个具体的人，不停留在抽象的“爱人”；问自己：我可以听什么、说什么、给什么、承担什么？。想起一段真实关系，不停留在“我要更有爱心”的想法，而是决定一个看得见的动作：认真倾听、主动帮助、道歉、感谢、分享或代祷。让今天的经文通过你的关系被活出来。,,关系｜把跟随放进真实的人际关系,今天哪个关系最需要让我实践“用服事代替争竞”？,想起一个具体的人，不停留在抽象的“爱人”；问自己：我可以听什么、说什么、给什么、承担什么？,今天让“用服事代替争竞”发生在一个真实关系里，而不是停留在个人感受中。,谦卑的君王｜走向十字架｜周四关系｜今天你可以像,我在关系中的状态｜愿意主动｜想保持距离｜正在修复｜不知道怎么开口,今天选定一位具体的人，用一个可见动作实践“用服事代替争竞”：主动联系、倾听、帮助、道歉、分享或代祷，六选一。,,V1.1｜第9–52周逐周具体内容已补全｜依据冻结版主题、每日经文与第1–8周确认的门训规则,本轮为内容制作稿；经文出处沿用冻结版，和合本全文与候选关键词仍须逐段核验。
82,12,周五,行动承诺,模块2｜跟随基督,从认识进入回应、操练与跟随,谦卑的君王，走向十字架,周五行动,路19：28-40,今天的重点不是再多懂一点，而是愿意承担一步。读 路加福音 19:28-40，把“用实际行动回应主的差遣。”落实到现实生活。可以是一次服事、一次给予、一次修复关系、一次见证或一次责任。先忠心完成今天能做的，然后在神面前感谢祂的带领。,,回应｜从跟随走向见证与承担,如果我真的相信“在日常中公开承认基督为王”，今天会有什么不同？,把信仰从个人感受带向承担：选择一个人、一个场景或一项责任，用实际行动回应主的差遣。,今天让别人能够从我的一个真实行动，看见“在日常中公开承认基督为王”正在改变我。,谦卑的君王｜走向十字架｜周五行动｜今天你如何用,我的回应状态｜已经确定一步｜正在寻找机会｜有惧怕｜需要同伴同行,今天把“在日常中公开承认基督为王”带到一个真实的承担中：完成一次见证、服事、给予、修复关系或承担责任，并记录发生了什么。,,V1.1｜第9–52周逐周具体内容已补全｜依据冻结版主题、每日经文与第1–8周确认的门训规则,本轮为内容制作稿；经文出处沿用冻结版，和合本全文与候选关键词仍须逐段核验。
83,12,周六,轻回顾,模块2｜跟随基督,从认识进入回应、操练与跟随,谦卑的君王，走向十字架,回顾本周：谦卑的君王，走向十字架,诗23：1-6,回顾不是给自己打分，而是辨认神怎样工作。今天读 诗篇 23:1-6，整理你这一周在“不要只评价自己“做得好不好”，而是辨认：神让我看见了什么？我实际做了什么？下一步要继续什么？”上的经历。感谢已经发生的，也承认还没有改变的。最后写下一句本周总结，并确定一个可以带进下一周的小小行动。,,回顾｜看见本周发生了什么，并确定下一步,回头看七天，我在哪里真实经历了“回顾自己本周放下了什么”？,不要只评价自己“做得好不好”，而是辨认：神让我看见了什么？我实际做了什么？下一步要继续什么？,今天从经历而不是感觉回顾“回顾自己本周放下了什么”，辨认神的工作与下一步。,回顾本周｜谦卑的君王｜走向十字架｜这周你经历最,本周最接近我的状态｜有真实改变｜有看见但未落实｜正在挣扎｜准备重新开始,今天用10分钟完成本周回顾：写下“神让我看见什么／我实际做了什么／下一步继续什么”，并把下一步写成一个下周可执行的动作。,本周总结｜主题“谦卑的君王，走向十字架”。回顾“看见谦卑进入王权的道路—回顾自己本周放下了什么”：神让我看见______；我实际回应了______；下一步我要继续______。｜宣告：主仍在带领我，我愿继续跟随。,V1.1｜第9–52周逐周具体内容已补全｜依据冻结版主题、每日经文与第1–8周确认的门训规则,本轮为内容制作稿；经文出处沿用冻结版，和合本全文与候选关键词仍须逐段核验。
84,13,主日,主日信息入口,模块2｜跟随基督,从认识进入回应、操练与跟随,复活的主，差遣门徒,复活的主，差遣门徒,太28：1-20,今天先慢下来。读 马太福音 28:1-20，让“复活的主，差遣门徒”成为这一周共同的入口。不要急着把主日信息变成更多知识，先问：留意主怎样带你从认识走向跟随。。把这个问题放进你真实的生活，找出一个本周愿意跟随主的场景。主日的领受要进入一周的生活，才会成为门徒的道路。,,进入｜从主日信息进入本周,本周，我最需要面对的是：“从复活事实进入差遣”,先不急着回答，把主日经文放进你的生活：从复活事实进入差遣。留意主怎样带你从认识走向跟随。,本周不追求抽象改变，只在一个真实生活场景中练习“从复活事实进入差遣”。,复活的主｜差遣门徒｜今天最触动你｜的是什么,今天最触动我的状态｜很有共鸣｜有一点挣扎｜还不清楚｜愿意开始,用3分钟写下本周回应：“主啊，在从复活事实进入差遣上，我愿意跟随你。”再选定一个本周每天都可以提醒自己的具体场景。,,V1.1｜第9–52周逐周具体内容已补全｜依据冻结版主题、每日经文与第1–8周确认的门训规则,本轮为内容制作稿；经文出处沿用冻结版，和合本全文与候选关键词仍须逐段核验。
85,13,周一,拓宽眼界,模块2｜跟随基督,从认识进入回应、操练与跟随,复活的主，差遣门徒,周一默想,约20：1-10,读 约翰福音 20:1-10 时，先把注意力放在经文的人、行动和张力上。今天特别思想：再问自己：我今天在哪里正在经历同样的事？（经文：复活的主，差遣门徒 · 周一默想）。然后问自己，这件事在我的生活里有没有类似的位置？不要急着改变，先诚实记录一次。能够看见，是让神的话从纸面进入生命的第一步。,,看见｜先看见经文与自己的处境,经文怎样让我看见“让复活盼望进入今天的恐惧与疑惑”？,先观察经文中的人物、行动和张力，再问自己：我今天在哪里正在经历同样的事？（经文：复活的主，差遣门徒 · 周一默想）,今天先看见，不急着改变；留意“让复活盼望进入今天的恐惧与疑惑”在我的选择、情绪或习惯中如何出现。,复活的主｜差遣门徒｜周一默想｜面对空坟墓你,今天我的状态｜已经看见｜有些模糊｜容易忽略｜愿意留意,今天选一个固定场景（通勤、工作、吃饭或睡前），停下来1分钟，记录一次“让复活盼望进入今天的恐惧与疑惑”在自己身上的真实表现。,,V1.1｜第9–52周逐周具体内容已补全｜依据冻结版主题、每日经文与第1–8周确认的门训规则,本轮为内容制作稿；经文出处沿用冻结版，和合本全文与候选关键词仍须逐段核验。
86,13,周二,深入省察,模块2｜跟随基督,从认识进入回应、操练与跟随,复活的主，差遣门徒,周二省察,路24：13-35,门徒训练不仅改变行为，也改变里面的动机。读 路加福音 24:13-35，认真面对“不要先批评自己，也不要替自己辩护；诚实辨认背后的欲望、惧怕、骄傲或不信，并把它带到主面前。”。当你察觉到防卫、焦虑、比较或自我保护时，不要赶快掩盖。把那个最真实的反应写下来，求主带你从看见走向悔改与信靠。,,省察｜先面对里面真实的反应,我为什么会在“面对不信、迟钝与失望”上有这样的反应？,不要先批评自己，也不要替自己辩护；诚实辨认背后的欲望、惧怕、骄傲或不信，并把它带到主面前。,今天诚实面对一个关于“面对不信、迟钝与失望”的内在反应，不用属灵话语遮盖它。,复活的主｜差遣门徒｜周二省察｜你的心是否,我最接近的状态｜愿意面对｜有点抗拒｜容易解释自己｜需要别人陪伴,今天安静5分钟，不为自己辩解，只写下“面对不信、迟钝与失望”引出的一个惧怕、欲望或惯性，然后用一句祷告交给主。,,V1.1｜第9–52周逐周具体内容已补全｜依据冻结版主题、每日经文与第1–8周确认的门训规则,本轮为内容制作稿；经文出处沿用冻结版，和合本全文与候选关键词仍须逐段核验。
87,13,周三,生活应用,模块2｜跟随基督,从认识进入回应、操练与跟随,复活的主，差遣门徒,周三应用,徒1：6-8,今天把经文缩小成一个选择。读 使徒行传 1:6-8，问自己：不要追求大改变，只走清楚的一步。。不要设计一个很大的计划，只找一个今天能完成的小行动。门徒的成长常常发生在普通时间、普通决定和普通责任里。选定时间点去做，完成后再回看它带来了什么改变。,,行动｜把经文落到一个今天能做的选择,今天我可以怎样把“在所属的地方作复活见证”做出来？,把原则缩小到今天：一个时间点、一个决定、一个动作就够。不要追求大改变，只走清楚的一步。,今天把“在所属的地方作复活见证”放进一个具体决定，用一个小行动回应经文。,复活的主｜差遣门徒｜周三应用｜今天你如何在,我的行动准备度｜现在就能做｜需要一点计划｜需要别人提醒｜暂时还没想到,今天安排一个明确时间点，把“在所属的地方作复活见证”变成一个10分钟以内的行动，并在完成后记下一个结果。,,V1.1｜第9–52周逐周具体内容已补全｜依据冻结版主题、每日经文与第1–8周确认的门训规则,本轮为内容制作稿；经文出处沿用冻结版，和合本全文与候选关键词仍须逐段核验。
88,13,周四,关系实践,模块2｜跟随基督,从认识进入回应、操练与跟随,复活的主，差遣门徒,周四关系,徒4：32-37,门徒生命一定会影响人与人的相处。读 使徒行传 4:32-37，问自己：想起一个具体的人，不停留在抽象的“爱人”；问自己：我可以听什么、说什么、给什么、承担什么？。选一个具体的人，少一点自我证明，多一点靠近与承担。你今天不需要解决这段关系的全部问题，只需要完成一个真实而善意的动作，并留意自己的心发生了什么。,,关系｜把跟随放进真实的人际关系,今天哪个关系最需要让我实践“分享资源与生命，建立群体”？,想起一个具体的人，不停留在抽象的“爱人”；问自己：我可以听什么、说什么、给什么、承担什么？,今天让“分享资源与生命，建立群体”发生在一个真实关系里，而不是停留在个人感受中。,复活的主｜差遣门徒｜周四关系｜今天你可以与,我在关系中的状态｜愿意主动｜想保持距离｜正在修复｜不知道怎么开口,今天选定一位具体的人，用一个可见动作实践“分享资源与生命，建立群体”：主动联系、倾听、帮助、道歉、分享或代祷，六选一。,,V1.1｜第9–52周逐周具体内容已补全｜依据冻结版主题、每日经文与第1–8周确认的门训规则,本轮为内容制作稿；经文出处沿用冻结版，和合本全文与候选关键词仍须逐段核验。
89,13,周五,行动承诺,模块2｜跟随基督,从认识进入回应、操练与跟随,复活的主，差遣门徒,周五行动,太28：18-20,回应就是把领受交在行动里。读 马太福音 28:18-20，思想“用实际行动回应主的差遣。”对今天意味着什么。选择一个具体行动，并为它安排明确的时间。做完不要急着评估自己，而是回头看：我是否更愿意跟随？神又让我看见了什么？,,回应｜从跟随走向见证与承担,如果我真的相信“把大使命落实为一个可教导的人”，今天会有什么不同？,把信仰从个人感受带向承担：选择一个人、一个场景或一项责任，用实际行动回应主的差遣。,今天让别人能够从我的一个真实行动，看见“把大使命落实为一个可教导的人”正在改变我。,复活的主｜差遣门徒｜周五行动｜今天你如何实,我的回应状态｜已经确定一步｜正在寻找机会｜有惧怕｜需要同伴同行,今天把“把大使命落实为一个可教导的人”带到一个真实的承担中：完成一次见证、服事、给予、修复关系或承担责任，并记录发生了什么。,,V1.1｜第9–52周逐周具体内容已补全｜依据冻结版主题、每日经文与第1–8周确认的门训规则,本轮为内容制作稿；经文出处沿用冻结版，和合本全文与候选关键词仍须逐段核验。
90,13,周六,轻回顾,模块2｜跟随基督,从认识进入回应、操练与跟随,复活的主，差遣门徒,回顾本周：复活的主，差遣门徒,诗23：1-6,今天是回顾的一天。读 诗篇 23:1-6，回头看这一周，特别整理：不要只评价自己“做得好不好”，而是辨认：神让我看见了什么？我实际做了什么？下一步要继续什么？。不要只问“我做得好不好”，而要问三件事：神让我看见什么？我实际做了什么？下一步要继续什么？把一个真实学习写下来，再把下一步写成下周可以执行的动作。,,回顾｜看见本周发生了什么，并确定下一步,回头看七天，我在哪里真实经历了“回顾有没有从被拯救走向差遣”？,不要只评价自己“做得好不好”，而是辨认：神让我看见了什么？我实际做了什么？下一步要继续什么？,今天从经历而不是感觉回顾“回顾有没有从被拯救走向差遣”，辨认神的工作与下一步。,回顾本周｜复活的主｜差遣门徒｜这周你经历最,本周最接近我的状态｜有真实改变｜有看见但未落实｜正在挣扎｜准备重新开始,今天用10分钟完成本周回顾：写下“神让我看见什么／我实际做了什么／下一步继续什么”，并把下一步写成一个下周可执行的动作。,本周总结｜主题“复活的主，差遣门徒”。回顾“从复活事实进入差遣—回顾有没有从被拯救走向差遣”：神让我看见______；我实际回应了______；下一步我要继续______。｜宣告：主仍在带领我，我愿继续跟随。,V1.1｜第9–52周逐周具体内容已补全｜依据冻结版主题、每日经文与第1–8周确认的门训规则,本轮为内容制作稿；经文出处沿用冻结版，和合本全文与候选关键词仍须逐段核验。
91,14,主日,主日信息入口,模块2｜跟随基督,从认识进入回应、操练与跟随,从复活到差遣,从复活到差遣,约20：19-23,今天是新一周的起点。读 约翰福音 20:19-23，先观察经文如何把我们带到“从复活到差遣”。留意主怎样带你从认识走向跟随。。不要要求自己一次改变很多，只需要认出一个最真实的回应方向，并为接下来的六天留下一个可以反复操练的生活位置。,,进入｜从主日信息进入本周,本周，我最需要面对的是：“接受复活主带来的平安”,先不急着回答，把主日经文放进你的生活：接受复活主带来的平安。留意主怎样带你从认识走向跟随。,本周不追求抽象改变，只在一个真实生活场景中练习“接受复活主带来的平安”。,从复活到差遣｜今天最触动你｜的是什么｜平安,今天最触动我的状态｜很有共鸣｜有一点挣扎｜还不清楚｜愿意开始,用3分钟写下本周回应：“主啊，在接受复活主带来的平安上，我愿意跟随你。”再选定一个本周每天都可以提醒自己的具体场景。,,V1.1｜第9–52周逐周具体内容已补全｜依据冻结版主题、每日经文与第1–8周确认的门训规则,本轮为内容制作稿；经文出处沿用冻结版，和合本全文与候选关键词仍须逐段核验。
92,14,周一,拓宽眼界,模块2｜跟随基督,从认识进入回应、操练与跟随,从复活到差遣,周一默想,路24：36-49,今天不急着得到“正确答案”，而是练习观察。读 路加福音 24:36-49，留意“再问自己：我今天在哪里正在经历同样的事？（经文：从复活到差遣 · 周一默想）”怎样显现在经文里，也怎样可能出现在你今天的生活中。选择一个固定场景停一分钟，看见自己真实的反应，并把它带到主面前。,,看见｜先看见经文与自己的处境,经文怎样让我看见“用主的话整理混乱和惧怕”？,先观察经文中的人物、行动和张力，再问自己：我今天在哪里正在经历同样的事？（经文：从复活到差遣 · 周一默想）,今天先看见，不急着改变；留意“用主的话整理混乱和惧怕”在我的选择、情绪或习惯中如何出现。,从复活到差遣｜周一默想｜复活主的｜平安,今天我的状态｜已经看见｜有些模糊｜容易忽略｜愿意留意,今天选一个固定场景（通勤、工作、吃饭或睡前），停下来1分钟，记录一次“用主的话整理混乱和惧怕”在自己身上的真实表现。,,V1.1｜第9–52周逐周具体内容已补全｜依据冻结版主题、每日经文与第1–8周确认的门训规则,本轮为内容制作稿；经文出处沿用冻结版，和合本全文与候选关键词仍须逐段核验。
93,14,周二,深入省察,模块2｜跟随基督,从认识进入回应、操练与跟随,从复活到差遣,周二省察,约20：24-29,今天从外在经文转向内在生命。读 约翰福音 20:24-29，诚实面对：不要先批评自己，也不要替自己辩护；诚实辨认背后的欲望、惧怕、骄傲或不信，并把它带到主面前。。不要先解释自己，也不要急着定罪自己。试着辨认这个反应背后更深的欲望、惧怕、骄傲或不信。省察不是自责，而是在神面前停止遮掩，愿意让主触碰真实的自己。,,省察｜先面对里面真实的反应,我为什么会在“承认自己对主同在的疑惑”上有这样的反应？,不要先批评自己，也不要替自己辩护；诚实辨认背后的欲望、惧怕、骄傲或不信，并把它带到主面前。,今天诚实面对一个关于“承认自己对主同在的疑惑”的内在反应，不用属灵话语遮盖它。,从复活到差遣｜周二省察｜你是否像多马｜一样有,我最接近的状态｜愿意面对｜有点抗拒｜容易解释自己｜需要别人陪伴,今天安静5分钟，不为自己辩解，只写下“承认自己对主同在的疑惑”引出的一个惧怕、欲望或惯性，然后用一句祷告交给主。,,V1.1｜第9–52周逐周具体内容已补全｜依据冻结版主题、每日经文与第1–8周确认的门训规则,本轮为内容制作稿；经文出处沿用冻结版，和合本全文与候选关键词仍须逐段核验。
94,14,周三,生活应用,模块2｜跟随基督,从认识进入回应、操练与跟随,从复活到差遣,周三应用,徒2：22-36,今天让“知道”变成“去做”。读 使徒行传 2:22-36，思考“不要追求大改变，只走清楚的一步。”在你的现实处境中最小的下一步是什么。把行动限定在十分钟左右，越具体越好。做完后记下一句话：我做了什么？有什么阻力？主让我看见什么？,,行动｜把经文落到一个今天能做的选择,今天我可以怎样把“在日常对人见证主的复活”做出来？,把原则缩小到今天：一个时间点、一个决定、一个动作就够。不要追求大改变，只走清楚的一步。,今天把“在日常对人见证主的复活”放进一个具体决定，用一个小行动回应经文。,从复活到差遣｜周三应用｜今天你如何见｜神已经立祂为,我的行动准备度｜现在就能做｜需要一点计划｜需要别人提醒｜暂时还没想到,今天安排一个明确时间点，把“在日常对人见证主的复活”变成一个10分钟以内的行动，并在完成后记下一个结果。,,V1.1｜第9–52周逐周具体内容已补全｜依据冻结版主题、每日经文与第1–8周确认的门训规则,本轮为内容制作稿；经文出处沿用冻结版，和合本全文与候选关键词仍须逐段核验。
95,14,周四,关系实践,模块2｜跟随基督,从认识进入回应、操练与跟随,从复活到差遣,周四关系,徒4：23-31,今天观察自己怎样对待别人，也让经文重新整理这种关系。读 使徒行传 4:23-31，围绕“想起一个具体的人，不停留在抽象的“爱人”；问自己：我可以听什么、说什么、给什么、承担什么？”作一个具体决定。找一个人，主动走近一步；可以是一句话、一次倾听、一次帮助或一次代祷。真实关系中的小小顺服，就是门徒训练的一部分。,,关系｜把跟随放进真实的人际关系,今天哪个关系最需要让我实践“与一两个肢体同心祷告”？,想起一个具体的人，不停留在抽象的“爱人”；问自己：我可以听什么、说什么、给什么、承担什么？,今天让“与一两个肢体同心祷告”发生在一个真实关系里，而不是停留在个人感受中。,从复活到差遣｜周四关系｜今天你可以与｜谁同心合意祷,我在关系中的状态｜愿意主动｜想保持距离｜正在修复｜不知道怎么开口,今天选定一位具体的人，用一个可见动作实践“与一两个肢体同心祷告”：主动联系、倾听、帮助、道歉、分享或代祷，六选一。,,V1.1｜第9–52周逐周具体内容已补全｜依据冻结版主题、每日经文与第1–8周确认的门训规则,本轮为内容制作稿；经文出处沿用冻结版，和合本全文与候选关键词仍须逐段核验。
96,14,周五,行动承诺,模块2｜跟随基督,从认识进入回应、操练与跟随,从复活到差遣,周五行动,约20：21,今天来到回应与承担。读 约翰福音 20:21，问自己：用实际行动回应主的差遣。。把信仰从个人感受带向一个具体的人、一项责任或一个见证行动。不要追求被看见，只求忠心。完成之后写下发生了什么，让你自己的行动成为一个可以被回顾、也可以被分享的见证。,,回应｜从跟随走向见证与承担,如果我真的相信“把被差遣落实到今天的一个人或场景”，今天会有什么不同？,把信仰从个人感受带向承担：选择一个人、一个场景或一项责任，用实际行动回应主的差遣。,今天让别人能够从我的一个真实行动，看见“把被差遣落实到今天的一个人或场景”正在改变我。,从复活到差遣｜周五行动｜今天你如何被｜差遣,我的回应状态｜已经确定一步｜正在寻找机会｜有惧怕｜需要同伴同行,今天把“把被差遣落实到今天的一个人或场景”带到一个真实的承担中：完成一次见证、服事、给予、修复关系或承担责任，并记录发生了什么。,,V1.1｜第9–52周逐周具体内容已补全｜依据冻结版主题、每日经文与第1–8周确认的门训规则,本轮为内容制作稿；经文出处沿用冻结版，和合本全文与候选关键词仍须逐段核验。
97,14,周六,轻回顾,模块2｜跟随基督,从认识进入回应、操练与跟随,从复活到差遣,回顾本周：从复活到差遣,诗23：1-6,读 诗篇 23:1-6，安静回看这七天的经历：哪些地方有顺服，哪些地方仍在挣扎，哪里看见神的带领？特别思考“不要只评价自己“做得好不好”，而是辨认：神让我看见了什么？我实际做了什么？下一步要继续什么？”。今天把本周浓缩成“一个看见、一个行动、一个下一步”，让回顾成为继续跟随的桥梁。,,回顾｜看见本周发生了什么，并确定下一步,回头看七天，我在哪里真实经历了“回顾平安是否推动了行动”？,不要只评价自己“做得好不好”，而是辨认：神让我看见了什么？我实际做了什么？下一步要继续什么？,今天从经历而不是感觉回顾“回顾平安是否推动了行动”，辨认神的工作与下一步。,回顾本周｜从复活到差遣｜这周你经历最｜多的是什么,本周最接近我的状态｜有真实改变｜有看见但未落实｜正在挣扎｜准备重新开始,今天用10分钟完成本周回顾：写下“神让我看见什么／我实际做了什么／下一步继续什么”，并把下一步写成一个下周可执行的动作。,本周总结｜主题“从复活到差遣”。回顾“接受复活主带来的平安—回顾平安是否推动了行动”：神让我看见______；我实际回应了______；下一步我要继续______。｜宣告：主仍在带领我，我愿继续跟随。,V1.1｜第9–52周逐周具体内容已补全｜依据冻结版主题、每日经文与第1–8周确认的门训规则,本轮为内容制作稿；经文出处沿用冻结版，和合本全文与候选关键词仍须逐段核验。
98,15,主日,主日信息入口,模块2｜跟随基督,从认识进入回应、操练与跟随,知行合一,知行合一,太7：1-29,今天把经文放在心里，也把自己放在经文面前。读 马太福音 7:1-29，围绕“知行合一”安静片刻，思想：而是行道。留意主怎样带你从认识走向跟随。。主日不是结束，而是进入本周门训的起点。今天选定一个具体场景，提醒自己在这一周继续回来面对这个主题。,,进入｜从主日信息进入本周,本周，我最需要面对的是：“不只听道，而是行道”,先不急着回答，把主日经文放进你的生活：不只听道，而是行道。留意主怎样带你从认识走向跟随。,本周不追求抽象改变，只在一个真实生活场景中练习“不只听道，而是行道”。,知行合一｜今天最触动你｜的是什么｜听见,今天最触动我的状态｜很有共鸣｜有一点挣扎｜还不清楚｜愿意开始,用3分钟写下本周回应：“主啊，在不只听道，而是行道上，我愿意跟随你。”再选定一个本周每天都可以提醒自己的具体场景。,,V1.1｜第9–52周逐周具体内容已补全｜依据冻结版主题、每日经文与第1–8周确认的门训规则,本轮为内容制作稿；经文出处沿用冻结版，和合本全文与候选关键词仍须逐段核验。
99,15,周一,拓宽眼界,模块2｜跟随基督,从认识进入回应、操练与跟随,知行合一,周一默想,雅1：19-25,今天先学习看见。读 雅各书 1:19-25，不要急着批评或解决问题，留意经文让你看见什么：再问自己：我今天在哪里正在经历同样的事？（经文：知行合一 · 周一默想）。再回到自己的生活，观察一个真实反应、选择或习惯。门徒不是先表现得正确，而是先在神的光中看清楚自己。把今天看见的一件事记下来，作为后面回应的起点。,,看见｜先看见经文与自己的处境,经文怎样让我看见“把听见与行出来的落差看清楚”？,先观察经文中的人物、行动和张力，再问自己：我今天在哪里正在经历同样的事？（经文：知行合一 · 周一默想）,今天先看见，不急着改变；留意“把听见与行出来的落差看清楚”在我的选择、情绪或习惯中如何出现。,知行合一｜周一默想｜你是｜单单听道,今天我的状态｜已经看见｜有些模糊｜容易忽略｜愿意留意,今天选一个固定场景（通勤、工作、吃饭或睡前），停下来1分钟，记录一次“把听见与行出来的落差看清楚”在自己身上的真实表现。,,V1.1｜第9–52周逐周具体内容已补全｜依据冻结版主题、每日经文与第1–8周确认的门训规则,本轮为内容制作稿；经文出处沿用冻结版，和合本全文与候选关键词仍须逐段核验。
100,15,周二,深入省察,模块2｜跟随基督,从认识进入回应、操练与跟随,知行合一,周二省察,罗2：17-24,今天给自己几分钟安静。读 罗马书 2:17-24，把经文所揭开的张力带回心里：不要先批评自己，也不要替自己辩护；诚实辨认背后的欲望、惧怕、骄傲或不信，并把它带到主面前。。问自己，我在什么地方正在重复同样的模式？不必马上找到解决方案，只需要说真话，并用一句简单的祷告把这份真实交给主。,,省察｜先面对里面真实的反应,我为什么会在“辨认只评价别人却不改自己的倾向”上有这样的反应？,不要先批评自己，也不要替自己辩护；诚实辨认背后的欲望、惧怕、骄傲或不信，并把它带到主面前。,今天诚实面对一个关于“辨认只评价别人却不改自己的倾向”的内在反应，不用属灵话语遮盖它。,知行合一｜周二省察｜你是否｜能说不能行,我最接近的状态｜愿意面对｜有点抗拒｜容易解释自己｜需要别人陪伴,今天安静5分钟，不为自己辩解，只写下“辨认只评价别人却不改自己的倾向”引出的一个惧怕、欲望或惯性，然后用一句祷告交给主。,,V1.1｜第9–52周逐周具体内容已补全｜依据冻结版主题、每日经文与第1–8周确认的门训规则,本轮为内容制作稿；经文出处沿用冻结版，和合本全文与候选关键词仍须逐段核验。
101,15,周三,生活应用,模块2｜跟随基督,从认识进入回应、操练与跟随,知行合一,周三应用,路6：46-49,不要等到条件完美才回应经文。读 路加福音 6:46-49，找出一个可以立即开始的动作，回应“不要追求大改变，只走清楚的一步。”。今天只走一步，但要真的走。行动之后，用一分钟回顾结果，让经验成为下一次跟随的依据。,,行动｜把经文落到一个今天能做的选择,今天我可以怎样把“让主的话进入一个具体决定”做出来？,把原则缩小到今天：一个时间点、一个决定、一个动作就够。不要追求大改变，只走清楚的一步。,今天把“让主的话进入一个具体决定”放进一个具体决定，用一个小行动回应经文。,知行合一｜周三应用｜你今天需要在｜哪件,我的行动准备度｜现在就能做｜需要一点计划｜需要别人提醒｜暂时还没想到,今天安排一个明确时间点，把“让主的话进入一个具体决定”变成一个10分钟以内的行动，并在完成后记下一个结果。,,V1.1｜第9–52周逐周具体内容已补全｜依据冻结版主题、每日经文与第1–8周确认的门训规则,本轮为内容制作稿；经文出处沿用冻结版，和合本全文与候选关键词仍须逐段核验。
102,15,周四,关系实践,模块2｜跟随基督,从认识进入回应、操练与跟随,知行合一,周四关系,约一3：16-18,今天把跟随带进一个人的名字。读 约翰一书 3:16-18，思想：想起一个具体的人，不停留在抽象的“爱人”；问自己：我可以听什么、说什么、给什么、承担什么？。想起一段真实关系，不停留在“我要更有爱心”的想法，而是决定一个看得见的动作：认真倾听、主动帮助、道歉、感谢、分享或代祷。让今天的经文通过你的关系被活出来。,,关系｜把跟随放进真实的人际关系,今天哪个关系最需要让我实践“用实际的爱回应一个人的需要”？,想起一个具体的人，不停留在抽象的“爱人”；问自己：我可以听什么、说什么、给什么、承担什么？,今天让“用实际的爱回应一个人的需要”发生在一个真实关系里，而不是停留在个人感受中。,知行合一｜周四关系｜今天你可以如｜相爱,我在关系中的状态｜愿意主动｜想保持距离｜正在修复｜不知道怎么开口,今天选定一位具体的人，用一个可见动作实践“用实际的爱回应一个人的需要”：主动联系、倾听、帮助、道歉、分享或代祷，六选一。,,V1.1｜第9–52周逐周具体内容已补全｜依据冻结版主题、每日经文与第1–8周确认的门训规则,本轮为内容制作稿；经文出处沿用冻结版，和合本全文与候选关键词仍须逐段核验。
103,15,周五,行动承诺,模块2｜跟随基督,从认识进入回应、操练与跟随,知行合一,周五行动,太7：21-23,今天的重点不是再多懂一点，而是愿意承担一步。读 马太福音 7:21-23，把“用实际行动回应主的差遣。”落实到现实生活。可以是一次服事、一次给予、一次修复关系、一次见证或一次责任。先忠心完成今天能做的，然后在神面前感谢祂的带领。,,回应｜从跟随走向见证与承担,如果我真的相信“选择顺服而不是属灵外表”，今天会有什么不同？,把信仰从个人感受带向承担：选择一个人、一个场景或一项责任，用实际行动回应主的差遣。,今天让别人能够从我的一个真实行动，看见“选择顺服而不是属灵外表”正在改变我。,知行合一｜周五行动｜今天你可以如｜遵行天父旨意,我的回应状态｜已经确定一步｜正在寻找机会｜有惧怕｜需要同伴同行,今天把“选择顺服而不是属灵外表”带到一个真实的承担中：完成一次见证、服事、给予、修复关系或承担责任，并记录发生了什么。,,V1.1｜第9–52周逐周具体内容已补全｜依据冻结版主题、每日经文与第1–8周确认的门训规则,本轮为内容制作稿；经文出处沿用冻结版，和合本全文与候选关键词仍须逐段核验。
104,15,周六,轻回顾,模块2｜跟随基督,从认识进入回应、操练与跟随,知行合一,回顾本周：知行合一,诗23：1-6,回顾不是给自己打分，而是辨认神怎样工作。今天读 诗篇 23:1-6，整理你这一周在“不要只评价自己“做得好不好”，而是辨认：神让我看见了什么？我实际做了什么？下一步要继续什么？”上的经历。感谢已经发生的，也承认还没有改变的。最后写下一句本周总结，并确定一个可以带进下一周的小小行动。,,回顾｜看见本周发生了什么，并确定下一步,回头看七天，我在哪里真实经历了“回顾一件真正行出来的事”？,不要只评价自己“做得好不好”，而是辨认：神让我看见了什么？我实际做了什么？下一步要继续什么？,今天从经历而不是感觉回顾“回顾一件真正行出来的事”，辨认神的工作与下一步。,回顾本周｜知行合一｜这周你经历最｜多的是什么,本周最接近我的状态｜有真实改变｜有看见但未落实｜正在挣扎｜准备重新开始,今天用10分钟完成本周回顾：写下“神让我看见什么／我实际做了什么／下一步继续什么”，并把下一步写成一个下周可执行的动作。,本周总结｜主题“知行合一”。回顾“不只听道，而是行道—回顾一件真正行出来的事”：神让我看见______；我实际回应了______；下一步我要继续______。｜宣告：主仍在带领我，我愿继续跟随。,V1.1｜第9–52周逐周具体内容已补全｜依据冻结版主题、每日经文与第1–8周确认的门训规则,本轮为内容制作稿；经文出处沿用冻结版，和合本全文与候选关键词仍须逐段核验。
105,16,主日,主日信息入口,模块2｜跟随基督,从认识进入回应、操练与跟随,住在基督里,住在基督里,约15：1-8,今天先慢下来。读 约翰福音 15:1-8，让“住在基督里”成为这一周共同的入口。不要急着把主日信息变成更多知识，先问：留意主怎样带你从认识走向跟随。。把这个问题放进你真实的生活，找出一个本周愿意跟随主的场景。主日的领受要进入一周的生活，才会成为门徒的道路。,,进入｜从主日信息进入本周,本周，我最需要面对的是：“住在基督里而结果子”,先不急着回答，把主日经文放进你的生活：住在基督里而结果子。留意主怎样带你从认识走向跟随。,本周不追求抽象改变，只在一个真实生活场景中练习“住在基督里而结果子”。,住在基督里｜今天最触动你｜的是什么｜枝子,今天最触动我的状态｜很有共鸣｜有一点挣扎｜还不清楚｜愿意开始,用3分钟写下本周回应：“主啊，在住在基督里而结果子上，我愿意跟随你。”再选定一个本周每天都可以提醒自己的具体场景。,,V1.1｜第9–52周逐周具体内容已补全｜依据冻结版主题、每日经文与第1–8周确认的门训规则,本轮为内容制作稿；经文出处沿用冻结版，和合本全文与候选关键词仍须逐段核验。
106,16,周一,拓宽眼界,模块2｜跟随基督,从认识进入回应、操练与跟随,住在基督里,周一默想,诗91：1-6,读 诗篇 91:1-6 时，先把注意力放在经文的人、行动和张力上。今天特别思想：再问自己：我今天在哪里正在经历同样的事？（经文：住在基督里 · 周一默想）。然后问自己，这件事在我的生活里有没有类似的位置？不要急着改变，先诚实记录一次。能够看见，是让神的话从纸面进入生命的第一步。,,看见｜先看见经文与自己的处境,经文怎样让我看见“辨认自己靠自己运行的习惯”？,先观察经文中的人物、行动和张力，再问自己：我今天在哪里正在经历同样的事？（经文：住在基督里 · 周一默想）,今天先看见，不急着改变；留意“辨认自己靠自己运行的习惯”在我的选择、情绪或习惯中如何出现。,住在基督里｜周一默想｜在基督里｜住在至高者隐,今天我的状态｜已经看见｜有些模糊｜容易忽略｜愿意留意,今天选一个固定场景（通勤、工作、吃饭或睡前），停下来1分钟，记录一次“辨认自己靠自己运行的习惯”在自己身上的真实表现。,,V1.1｜第9–52周逐周具体内容已补全｜依据冻结版主题、每日经文与第1–8周确认的门训规则,本轮为内容制作稿；经文出处沿用冻结版，和合本全文与候选关键词仍须逐段核验。
107,16,周二,深入省察,模块2｜跟随基督,从认识进入回应、操练与跟随,住在基督里,周二省察,约15：4-5,门徒训练不仅改变行为，也改变里面的动机。读 约翰福音 15:4-5，认真面对“不要先批评自己，也不要替自己辩护；诚实辨认背后的欲望、惧怕、骄傲或不信，并把它带到主面前。”。当你察觉到防卫、焦虑、比较或自我保护时，不要赶快掩盖。把那个最真实的反应写下来，求主带你从看见走向悔改与信靠。,,省察｜先面对里面真实的反应,我为什么会在“面对离开主就失去力量的事实”上有这样的反应？,不要先批评自己，也不要替自己辩护；诚实辨认背后的欲望、惧怕、骄傲或不信，并把它带到主面前。,今天诚实面对一个关于“面对离开主就失去力量的事实”的内在反应，不用属灵话语遮盖它。,住在基督里｜周二省察｜有什么使你｜离了基督,我最接近的状态｜愿意面对｜有点抗拒｜容易解释自己｜需要别人陪伴,今天安静5分钟，不为自己辩解，只写下“面对离开主就失去力量的事实”引出的一个惧怕、欲望或惯性，然后用一句祷告交给主。,,V1.1｜第9–52周逐周具体内容已补全｜依据冻结版主题、每日经文与第1–8周确认的门训规则,本轮为内容制作稿；经文出处沿用冻结版，和合本全文与候选关键词仍须逐段核验。
108,16,周三,生活应用,模块2｜跟随基督,从认识进入回应、操练与跟随,住在基督里,周三应用,西2：6-7,今天把经文缩小成一个选择。读 歌罗西书 2:6-7，问自己：不要追求大改变，只走清楚的一步。。不要设计一个很大的计划，只找一个今天能完成的小行动。门徒的成长常常发生在普通时间、普通决定和普通责任里。选定时间点去做，完成后再回看它带来了什么改变。,,行动｜把经文落到一个今天能做的选择,今天我可以怎样把“在一个日常节奏中主动连于主”做出来？,把原则缩小到今天：一个时间点、一个决定、一个动作就够。不要追求大改变，只走清楚的一步。,今天把“在一个日常节奏中主动连于主”放进一个具体决定，用一个小行动回应经文。,住在基督里｜周三应用｜今天你如何在｜生根建造,我的行动准备度｜现在就能做｜需要一点计划｜需要别人提醒｜暂时还没想到,今天安排一个明确时间点，把“在一个日常节奏中主动连于主”变成一个10分钟以内的行动，并在完成后记下一个结果。,,V1.1｜第9–52周逐周具体内容已补全｜依据冻结版主题、每日经文与第1–8周确认的门训规则,本轮为内容制作稿；经文出处沿用冻结版，和合本全文与候选关键词仍须逐段核验。
109,16,周四,关系实践,模块2｜跟随基督,从认识进入回应、操练与跟随,住在基督里,周四关系,约15：12-17,门徒生命一定会影响人与人的相处。读 约翰福音 15:12-17，问自己：想起一个具体的人，不停留在抽象的“爱人”；问自己：我可以听什么、说什么、给什么、承担什么？。选一个具体的人，少一点自我证明，多一点靠近与承担。你今天不需要解决这段关系的全部问题，只需要完成一个真实而善意的动作，并留意自己的心发生了什么。,,关系｜把跟随放进真实的人际关系,今天哪个关系最需要让我实践“用爱和联系维持门徒关系”？,想起一个具体的人，不停留在抽象的“爱人”；问自己：我可以听什么、说什么、给什么、承担什么？,今天让“用爱和联系维持门徒关系”发生在一个真实关系里，而不是停留在个人感受中。,住在基督里｜周四关系｜今天你如何｜彼此相爱,我在关系中的状态｜愿意主动｜想保持距离｜正在修复｜不知道怎么开口,今天选定一位具体的人，用一个可见动作实践“用爱和联系维持门徒关系”：主动联系、倾听、帮助、道歉、分享或代祷，六选一。,,V1.1｜第9–52周逐周具体内容已补全｜依据冻结版主题、每日经文与第1–8周确认的门训规则,本轮为内容制作稿；经文出处沿用冻结版，和合本全文与候选关键词仍须逐段核验。
110,16,周五,行动承诺,模块2｜跟随基督,从认识进入回应、操练与跟随,住在基督里,周五行动,约一2：3-6,回应就是把领受交在行动里。读 约翰一书 2:3-6，思想“用实际行动回应主的差遣。”对今天意味着什么。选择一个具体行动，并为它安排明确的时间。做完不要急着评估自己，而是回头看：我是否更愿意跟随？神又让我看见了什么？,,回应｜从跟随走向见证与承担,如果我真的相信“用顺服检验是否真的住在主里”，今天会有什么不同？,把信仰从个人感受带向承担：选择一个人、一个场景或一项责任，用实际行动回应主的差遣。,今天让别人能够从我的一个真实行动，看见“用顺服检验是否真的住在主里”正在改变我。,住在基督里｜周五行动｜今天你如何｜在祂里面行,我的回应状态｜已经确定一步｜正在寻找机会｜有惧怕｜需要同伴同行,今天把“用顺服检验是否真的住在主里”带到一个真实的承担中：完成一次见证、服事、给予、修复关系或承担责任，并记录发生了什么。,,V1.1｜第9–52周逐周具体内容已补全｜依据冻结版主题、每日经文与第1–8周确认的门训规则,本轮为内容制作稿；经文出处沿用冻结版，和合本全文与候选关键词仍须逐段核验。
111,16,周六,轻回顾,模块2｜跟随基督,从认识进入回应、操练与跟随,住在基督里,回顾本周：住在基督里,诗23：1-6,今天是回顾的一天。读 诗篇 23:1-6，回头看这一周，特别整理：不要只评价自己“做得好不好”，而是辨认：神让我看见了什么？我实际做了什么？下一步要继续什么？。不要只问“我做得好不好”，而要问三件事：神让我看见什么？我实际做了什么？下一步要继续什么？把一个真实学习写下来，再把下一步写成下周可以执行的动作。,,回顾｜看见本周发生了什么，并确定下一步,回头看七天，我在哪里真实经历了“回顾本周哪些事情来自与主连接”？,不要只评价自己“做得好不好”，而是辨认：神让我看见了什么？我实际做了什么？下一步要继续什么？,今天从经历而不是感觉回顾“回顾本周哪些事情来自与主连接”，辨认神的工作与下一步。,回顾本周｜住在基督里｜这周你经历最｜多的是什么,本周最接近我的状态｜有真实改变｜有看见但未落实｜正在挣扎｜准备重新开始,今天用10分钟完成本周回顾：写下“神让我看见什么／我实际做了什么／下一步继续什么”，并把下一步写成一个下周可执行的动作。,本周总结｜主题“住在基督里”。回顾“住在基督里而结果子—回顾本周哪些事情来自与主连接”：神让我看见______；我实际回应了______；下一步我要继续______。｜宣告：主仍在带领我，我愿继续跟随。,V1.1｜第9–52周逐周具体内容已补全｜依据冻结版主题、每日经文与第1–8周确认的门训规则,本轮为内容制作稿；经文出处沿用冻结版，和合本全文与候选关键词仍须逐段核验。
112,17,主日,主日信息入口,模块2｜跟随基督,从认识进入回应、操练与跟随,住在爱里,住在爱里,约15：9-17,今天是新一周的起点。读 约翰福音 15:9-17，先观察经文如何把我们带到“住在爱里”。留意主怎样带你从认识走向跟随。。不要要求自己一次改变很多，只需要认出一个最真实的回应方向，并为接下来的六天留下一个可以反复操练的生活位置。,,进入｜从主日信息进入本周,本周，我最需要面对的是：“住在基督的爱里”,先不急着回答，把主日经文放进你的生活：住在基督的爱里。留意主怎样带你从认识走向跟随。,本周不追求抽象改变，只在一个真实生活场景中练习“住在基督的爱里”。,住在爱里｜今天最触动你｜的是什么｜命令,今天最触动我的状态｜很有共鸣｜有一点挣扎｜还不清楚｜愿意开始,用3分钟写下本周回应：“主啊，在住在基督的爱里上，我愿意跟随你。”再选定一个本周每天都可以提醒自己的具体场景。,,V1.1｜第9–52周逐周具体内容已补全｜依据冻结版主题、每日经文与第1–8周确认的门训规则,本轮为内容制作稿；经文出处沿用冻结版，和合本全文与候选关键词仍须逐段核验。
113,17,周一,拓宽眼界,模块2｜跟随基督,从认识进入回应、操练与跟随,住在爱里,周一默想,林前13：1-7,今天不急着得到“正确答案”，而是练习观察。读 哥林多前书 13:1-7，留意“再问自己：我今天在哪里正在经历同样的事？（经文：住在爱里 · 周一默想）”怎样显现在经文里，也怎样可能出现在你今天的生活中。选择一个固定场景停一分钟，看见自己真实的反应，并把它带到主面前。,,看见｜先看见经文与自己的处境,经文怎样让我看见“让爱的标准超过情绪”？,先观察经文中的人物、行动和张力，再问自己：我今天在哪里正在经历同样的事？（经文：住在爱里 · 周一默想）,今天先看见，不急着改变；留意“让爱的标准
